name,institution,primary_field
Daron Acemoglu,MIT,Labor / Political Econ. (LS)
Alberto Alesina,Harvard,Macro / Political Econ. (POL)
Joseph Altonji,Yale,Labor Economics (LS)
Alan Auerbach,UC Berkeley,Public Economics (PE)
David Autor,MIT,Labor Economics (LS)
Katherine Baicker,Harvard/Chicago,Public Econ. / Health (PE)
Abhijit Banerjee,MIT,Development / Labor (DEV)
Marianne Bertrand,Chicago Booth,Labor / Corp. Finance (LS)
Markus Brunnermeier,Princeton,Macro / Int. Finance (IFM)
Raj Chetty,Harvard,Public Economics (PE)
Judith Chevalier,Yale,Industrial Org. (IO)
Janet Currie,Princeton,Labor / Health / Child. (LS)
David Cutler,Harvard,Public Econ. / Health (PE)
Angus Deaton,Princeton,Dev. / Health / Aging (AG)
Darrell Duffie,Stanford,Finance / Asset Pricing (AP)
Aaron Edlin,UC Berkeley,Industrial Org. / Law (LE)
Barry Eichengreen,UC Berkeley,Int. Finance & Macro (IFM)
Liran Einav,Stanford,Industrial Org. (IO)
Ray Fair,Yale,Macroeconometrics (EFG)
Amy Finkelstein,MIT,Public Econ. / Health (PE)
Pinelopi Goldberg,Yale,Int. Trade / Macro (ITI)
Claudia Goldin,Harvard,Labor / Econ. History (DAE)
Austan Goolsbee,Chicago Booth,Public Econ. / IO (PE)
Michael Greenstone,MIT / Chicago,Environ. & Energy (EEE)
Robert Hall,Stanford,Econ. Fluctuations (EFG)
Oliver Hart,Harvard,Corp. Finance / Contracts (CF)
Bengt Holmström,MIT,Corp. Finance / Theory (CF)
Caroline Hoxby,Stanford,Education / Labor Econ. (ED)
Hilary Hoynes,UC Berkeley,Public Econ. / Labor (PE)
Kenneth Judd,Stanford,Public / Computational (PE)
Steven Kaplan,Chicago Booth,Corp. Finance / PE (CF)
Anil Kashyap,Chicago Booth,Monetary / Banking (ME)
Pete Klenow,Stanford,Econ. Fluctuations (EFG)
Edward Lazear,Stanford,Labor / Personnel Econ. (LS)
Jonathan Levin,Stanford,Industrial Org. (IO)
Eric Maskin,Harvard,Micro / Mech. Design
William Nordhaus,Yale,Environ. & Macro (EFG)
Maurice Obstfeld,UC Berkeley/PIIE,Int. Finance & Macro (IFM)
Cecilia Rouse,Princeton,Labor / Education (LS)
Emmanuel Saez,UC Berkeley,Public Econ. / Tax (PE)
Larry Samuelson,Yale,Micro / Game Theory
José Scheinkman,Princeton/Col.,Finance / Asset Pricing (AP)
Richard Schmalensee,MIT,Industrial Org. / Energy (IO)
Carl Shapiro,UC Berkeley,Industrial Org. / Antitrust (IO)
Hyun Song Shin,Princeton/BIS,Corp. & Int. Finance (CF)
Robert Shimer,Chicago,Macro / Labor Search (EFG)
James Stock,Harvard,Macroeconometrics / Energy
Nancy Stokey,Chicago,Econ. Fluctuations (EFG)
Richard Thaler,Chicago Booth,Behavioral / Finance (AP)
Christopher Udry,Yale/Northw.,Development Econ. (DEV)
Luigi Zingales,Chicago Booth,Corp. Finance / Gov. (CF)
