criteria_set,cell_id,policy_id,criterion,b_mean,cell_mean,shift,noise_multiple,beyond_3,beyond_5,beyond_8
table4,B',almp,standards_of_living,42.2863,43.0588,0.7725,0.9111,False,False,False
table4,B',directed_industrial_policy,standards_of_living,44.4392,44.1373,-0.3020,-0.3561,False,False,False
table4,B',eitc,standards_of_living,74.3059,75.2745,0.9686,1.1423,False,False,False
table4,B',fjg,standards_of_living,70.8667,71.2353,0.3686,0.4347,False,False,False
table4,B',nit,standards_of_living,81.8549,81.6471,-0.2078,-0.2451,False,False,False
table4,B',sawf,standards_of_living,70.8571,71.2653,0.4082,0.4814,False,False,False
table4,B',ubc,standards_of_living,51.1961,50.8824,-0.3137,-0.3700,False,False,False
table4,B',ubi,standards_of_living,80.6745,80.6275,-0.0471,-0.0555,False,False,False
table4,B',ubs,standards_of_living,81.2706,81.9412,0.6706,0.7908,False,False,False
table4,B',ui,standards_of_living,72.6902,72.4118,-0.2784,-0.3284,False,False,False
table4,B',wage_insurance,standards_of_living,57.4392,56.9412,-0.4980,-0.5873,False,False,False
table4,B',almp,meaning_human_value,63.9176,64.9020,0.9843,1.1608,False,False,False
table4,B',directed_industrial_policy,meaning_human_value,59.2039,60.3922,1.1882,1.4013,False,False,False
table4,B',eitc,meaning_human_value,65.4902,65.6863,0.1961,0.2312,False,False,False
table4,B',fjg,meaning_human_value,83.5686,84.3529,0.7843,0.9250,False,False,False
table4,B',nit,meaning_human_value,58.4353,60.8039,2.3686,2.7934,False,False,False
table4,B',sawf,meaning_human_value,49.1469,47.9388,-1.2082,-1.4248,False,False,False
table4,B',ubc,meaning_human_value,62.3608,62.0980,-0.2627,-0.3099,False,False,False
table4,B',ubi,meaning_human_value,60.2706,59.6275,-0.6431,-0.7585,False,False,False
table4,B',ubs,meaning_human_value,62.9333,61.4510,-1.4824,-1.7482,False,False,False
table4,B',ui,meaning_human_value,54.2510,54.6078,0.3569,0.4209,False,False,False
table4,B',wage_insurance,meaning_human_value,65.4745,67.4118,1.9373,2.2847,False,False,False
table4,B',almp,macro_stabilisation,26.9216,27.1373,0.2157,0.2544,False,False,False
table4,B',directed_industrial_policy,macro_stabilisation,30.7176,32.1176,1.4000,1.6511,False,False,False
table4,B',eitc,macro_stabilisation,51.1255,52.9608,1.8353,2.1644,False,False,False
table4,B',fjg,macro_stabilisation,80.1451,79.3333,-0.8118,-0.9573,False,False,False
table4,B',nit,macro_stabilisation,80.5961,81.4902,0.8941,1.0545,False,False,False
table4,B',sawf,macro_stabilisation,52.7061,54.8163,2.1102,2.4886,False,False,False
table4,B',ubc,macro_stabilisation,32.6627,33.1176,0.4549,0.5365,False,False,False
table4,B',ubi,macro_stabilisation,56.5373,59.1569,2.6196,3.0894,False,False,False
table4,B',ubs,macro_stabilisation,56.8745,56.1176,-0.7569,-0.8926,False,False,False
table4,B',ui,macro_stabilisation,88.1765,88.1765,0.0000,0.0000,False,False,False
table4,B',wage_insurance,macro_stabilisation,45.2902,46.3529,1.0627,1.2533,False,False,False
table4,B',almp,economic_agency_mobility,70.2627,71.3725,1.1098,1.3088,False,False,False
table4,B',directed_industrial_policy,economic_agency_mobility,44.6627,45.9020,1.2392,1.4614,False,False,False
table4,B',eitc,economic_agency_mobility,42.1333,41.6863,-0.4471,-0.5272,False,False,False
table4,B',fjg,economic_agency_mobility,73.3882,72.1961,-1.1922,-1.4059,False,False,False
table4,B',nit,economic_agency_mobility,68.7373,69.9020,1.1647,1.3736,False,False,False
table4,B',sawf,economic_agency_mobility,61.9061,62.3061,0.4000,0.4717,False,False,False
table4,B',ubc,economic_agency_mobility,72.1451,72.6863,0.5412,0.6382,False,False,False
table4,B',ubi,economic_agency_mobility,76.0039,77.0784,1.0745,1.2672,False,False,False
table4,B',ubs,economic_agency_mobility,72.9608,72.4706,-0.4902,-0.5781,False,False,False
table4,B',ui,economic_agency_mobility,69.1569,69.7451,0.5882,0.6937,False,False,False
table4,B',wage_insurance,economic_agency_mobility,65.5686,64.0196,-1.5490,-1.8268,False,False,False
table4,B',almp,ownership_of_gains,10.2392,9.9020,-0.3373,-0.3977,False,False,False
table4,B',directed_industrial_policy,ownership_of_gains,21.6549,22.0980,0.4431,0.5226,False,False,False
table4,B',eitc,ownership_of_gains,10.1882,9.6275,-0.5608,-0.6613,False,False,False
table4,B',fjg,ownership_of_gains,17.8510,17.2745,-0.5765,-0.6798,False,False,False
table4,B',nit,ownership_of_gains,26.8824,27.5686,0.6863,0.8093,False,False,False
table4,B',sawf,ownership_of_gains,87.0653,87.5918,0.5265,0.6210,False,False,False
table4,B',ubc,ownership_of_gains,90.0510,90.0980,0.0471,0.0555,False,False,False
table4,B',ubi,ownership_of_gains,40.6275,40.8627,0.2353,0.2775,False,False,False
table4,B',ubs,ownership_of_gains,21.4863,20.3529,-1.1333,-1.3366,False,False,False
table4,B',ui,ownership_of_gains,11.2039,11.3137,0.1098,0.1295,False,False,False
table4,B',wage_insurance,ownership_of_gains,9.0980,9.1765,0.0784,0.0925,False,False,False
table4,B',almp,democratic_voice,40.6353,41.2549,0.6196,0.7307,False,False,False
table4,B',directed_industrial_policy,democratic_voice,30.1255,30.6863,0.5608,0.6613,False,False,False
table4,B',eitc,democratic_voice,50.0314,50.5098,0.4784,0.5642,False,False,False
table4,B',fjg,democratic_voice,53.4667,53.8431,0.3765,0.4440,False,False,False
table4,B',nit,democratic_voice,56.8706,57.4706,0.6000,0.7076,False,False,False
table4,B',sawf,democratic_voice,64.7224,64.5102,-0.2122,-0.2503,False,False,False
table4,B',ubc,democratic_voice,64.7059,65.3333,0.6275,0.7400,False,False,False
table4,B',ubi,democratic_voice,60.5882,62.3333,1.7451,2.0580,False,False,False
table4,B',ubs,democratic_voice,58.4000,59.4118,1.0118,1.1932,False,False,False
table4,B',ui,democratic_voice,51.7176,52.2157,0.4980,0.5873,False,False,False
table4,B',wage_insurance,democratic_voice,42.4392,44.4902,2.0510,2.4188,False,False,False
table4,B',almp,economic_feasibility,61.4784,61.9608,0.4824,0.5689,False,False,False
table4,B',directed_industrial_policy,economic_feasibility,37.8510,38.5882,0.7373,0.8695,False,False,False
table4,B',eitc,economic_feasibility,67.9961,67.6863,-0.3098,-0.3654,False,False,False
table4,B',fjg,economic_feasibility,37.5255,38.5882,1.0627,1.2533,False,False,False
table4,B',nit,economic_feasibility,52.7765,53.3137,0.5373,0.6336,False,False,False
table4,B',sawf,economic_feasibility,56.4857,56.9388,0.4531,0.5343,False,False,False
table4,B',ubc,economic_feasibility,47.2627,48.2157,0.9529,1.1238,False,False,False
table4,B',ubi,economic_feasibility,35.2824,35.0392,-0.2431,-0.2867,False,False,False
table4,B',ubs,economic_feasibility,45.2471,46.4118,1.1647,1.3736,False,False,False
table4,B',ui,economic_feasibility,59.7725,60.2941,0.5216,0.6151,False,False,False
table4,B',wage_insurance,economic_feasibility,67.5608,68.5294,0.9686,1.1423,False,False,False
table4,B',almp,implementation_readiness,55.9843,55.9412,-0.0431,-0.0509,False,False,False
table4,B',directed_industrial_policy,implementation_readiness,48.6980,50.1569,1.4588,1.7204,False,False,False
table4,B',eitc,implementation_readiness,89.3608,89.5882,0.2275,0.2682,False,False,False
table4,B',fjg,implementation_readiness,31.9922,33.0196,1.0275,1.2117,False,False,False
table4,B',nit,implementation_readiness,75.2471,74.6863,-0.5608,-0.6613,False,False,False
table4,B',sawf,implementation_readiness,41.3143,42.0000,0.6857,0.8087,False,False,False
table4,B',ubc,implementation_readiness,47.0941,49.0980,2.0039,2.3633,False,False,False
table4,B',ubi,implementation_readiness,48.1922,49.5882,1.3961,1.6464,False,False,False
table4,B',ubs,implementation_readiness,40.8745,43.7843,2.9098,3.4316,False,False,False
table4,B',ui,implementation_readiness,83.6902,83.3333,-0.3569,-0.4209,False,False,False
table4,B',wage_insurance,implementation_readiness,57.1333,58.1961,1.0627,1.2533,False,False,False
table4,B',almp,mild_disruption,73.5216,73.6863,0.1647,0.1942,False,False,False
table4,B',directed_industrial_policy,mild_disruption,57.1373,59.1569,2.0196,2.3818,False,False,False
table4,B',eitc,mild_disruption,79.8196,81.1569,1.3373,1.5771,False,False,False
table4,B',fjg,mild_disruption,70.6706,71.9608,1.2902,1.5216,False,False,False
table4,B',nit,mild_disruption,81.8392,81.8431,0.0039,0.0046,False,False,False
table4,B',sawf,mild_disruption,71.2939,71.6531,0.3592,0.4236,False,False,False
table4,B',ubc,mild_disruption,63.9529,63.7255,-0.2275,-0.2682,False,False,False
table4,B',ubi,mild_disruption,62.2078,63.3137,1.1059,1.3042,False,False,False
table4,B',ubs,mild_disruption,70.5255,69.8431,-0.6824,-0.8047,False,False,False
table4,B',ui,mild_disruption,83.6941,82.8627,-0.8314,-0.9805,False,False,False
table4,B',wage_insurance,mild_disruption,77.2118,78.0588,0.8471,0.9990,False,False,False
table4,B',almp,moderate_disruption,39.9882,39.0196,-0.9686,-1.1423,False,False,False
table4,B',directed_industrial_policy,moderate_disruption,39.9412,39.5098,-0.4314,-0.5087,False,False,False
table4,B',eitc,moderate_disruption,35.9176,35.4706,-0.4471,-0.5272,False,False,False
table4,B',fjg,moderate_disruption,55.6118,53.1373,-2.4745,-2.9182,False,False,False
table4,B',nit,moderate_disruption,52.8824,51.7059,-1.1765,-1.3874,False,False,False
table4,B',sawf,moderate_disruption,65.4286,66.9796,1.5510,1.8292,False,False,False
table4,B',ubc,moderate_disruption,69.4941,70.4902,0.9961,1.1747,False,False,False
table4,B',ubi,moderate_disruption,68.9529,69.3137,0.3608,0.4255,False,False,False
table4,B',ubs,moderate_disruption,63.8078,64.5098,0.7020,0.8278,False,False,False
table4,B',ui,moderate_disruption,44.9804,44.5490,-0.4314,-0.5087,False,False,False
table4,B',wage_insurance,moderate_disruption,39.9333,37.8039,-2.1294,-2.5113,False,False,False
table4,B',almp,full_transformation,13.0745,12.7843,-0.2902,-0.3422,False,False,False
table4,B',directed_industrial_policy,full_transformation,19.7804,18.9216,-0.8588,-1.0128,False,False,False
table4,B',eitc,full_transformation,9.7373,10.0196,0.2824,0.3330,False,False,False
table4,B',fjg,full_transformation,25.1020,25.0392,-0.0627,-0.0740,False,False,False
table4,B',nit,full_transformation,28.5098,27.5294,-0.9804,-1.1562,False,False,False
table4,B',sawf,full_transformation,57.2776,56.0204,-1.2571,-1.4826,False,False,False
table4,B',ubc,full_transformation,68.0980,70.0392,1.9412,2.2893,False,False,False
table4,B',ubi,full_transformation,65.0118,62.8431,-2.1686,-2.5575,False,False,False
table4,B',ubs,full_transformation,47.4510,48.7843,1.3333,1.5724,False,False,False
table4,B',ui,full_transformation,14.4980,14.2941,-0.2039,-0.2405,False,False,False
table4,B',wage_insurance,full_transformation,10.8745,10.2353,-0.6392,-0.7538,False,False,False
table4,Q1,almp,standards_of_living,42.2863,41.6863,-0.6000,-0.9153,False,False,False
table4,Q1,directed_industrial_policy,standards_of_living,44.4392,55.6928,11.2536,17.1672,True,True,True
table4,Q1,eitc,standards_of_living,74.3059,74.3725,0.0667,0.1017,False,False,False
table4,Q1,fjg,standards_of_living,70.8667,75.4771,4.6105,7.0332,True,False,False
table4,Q1,nit,standards_of_living,81.8549,85.3987,3.5438,5.4060,True,False,False
table4,Q1,sawf,standards_of_living,70.8571,73.4082,2.5510,3.8916,False,False,False
table4,Q1,ubc,standards_of_living,51.1961,52.2353,1.0392,1.5853,False,False,False
table4,Q1,ubi,standards_of_living,80.6745,84.7582,4.0837,6.2296,True,False,False
table4,Q1,ubs,standards_of_living,81.2706,85.7647,4.4941,6.8557,True,False,False
table4,Q1,ui,standards_of_living,72.6902,74.8824,2.1922,3.3441,False,False,False
table4,Q1,wage_insurance,standards_of_living,57.4392,59.6667,2.2275,3.3980,False,False,False
table4,Q1,almp,meaning_human_value,63.9176,61.7843,-2.1333,-3.2544,False,False,False
table4,Q1,directed_industrial_policy,meaning_human_value,59.2039,70.8693,11.6654,17.7954,True,True,True
table4,Q1,eitc,meaning_human_value,65.4902,65.2026,-0.2876,-0.4387,False,False,False
table4,Q1,fjg,meaning_human_value,83.5686,82.9804,-0.5882,-0.8973,False,False,False
table4,Q1,nit,meaning_human_value,58.4353,55.2222,-3.2131,-4.9015,True,False,False
table4,Q1,sawf,meaning_human_value,49.1469,50.9524,1.8054,2.7542,False,False,False
table4,Q1,ubc,meaning_human_value,62.3608,58.9804,-3.3804,-5.1568,True,False,False
table4,Q1,ubi,meaning_human_value,60.2706,61.3791,1.1085,1.6910,False,False,False
table4,Q1,ubs,meaning_human_value,62.9333,63.7255,0.7922,1.2084,False,False,False
table4,Q1,ui,meaning_human_value,54.2510,55.6732,1.4222,2.1696,False,False,False
table4,Q1,wage_insurance,meaning_human_value,65.4745,66.1438,0.6693,1.0210,False,False,False
table4,Q1,almp,macro_stabilisation,26.9216,24.7974,-2.1242,-3.2404,False,False,False
table4,Q1,directed_industrial_policy,macro_stabilisation,30.7176,44.4118,13.6941,20.8902,True,True,True
table4,Q1,eitc,macro_stabilisation,51.1255,49.1176,-2.0078,-3.0629,False,False,False
table4,Q1,fjg,macro_stabilisation,80.1451,81.7320,1.5869,2.4208,False,False,False
table4,Q1,nit,macro_stabilisation,80.5961,77.1503,-3.4458,-5.2565,True,False,False
table4,Q1,sawf,macro_stabilisation,52.7061,56.7891,4.0830,6.2286,True,False,False
table4,Q1,ubc,macro_stabilisation,32.6627,31.0131,-1.6497,-2.5166,False,False,False
table4,Q1,ubi,macro_stabilisation,56.5373,58.7778,2.2405,3.4179,False,False,False
table4,Q1,ubs,macro_stabilisation,56.8745,60.9346,4.0601,6.1937,True,False,False
table4,Q1,ui,macro_stabilisation,88.1765,88.2092,0.0327,0.0499,False,False,False
table4,Q1,wage_insurance,macro_stabilisation,45.2902,45.5294,0.2392,0.3649,False,False,False
table4,Q1,almp,economic_agency_mobility,70.2627,68.6078,-1.6549,-2.5245,False,False,False
table4,Q1,directed_industrial_policy,economic_agency_mobility,44.6627,51.9477,7.2850,11.1131,True,True,False
table4,Q1,eitc,economic_agency_mobility,42.1333,46.1046,3.9712,6.0581,True,False,False
table4,Q1,fjg,economic_agency_mobility,73.3882,68.8824,-4.5059,-6.8737,True,False,False
table4,Q1,nit,economic_agency_mobility,68.7373,69.9085,1.1712,1.7867,False,False,False
table4,Q1,sawf,economic_agency_mobility,61.9061,64.8980,2.9918,4.5640,False,False,False
table4,Q1,ubc,economic_agency_mobility,72.1451,70.5163,-1.6288,-2.4847,False,False,False
table4,Q1,ubi,economic_agency_mobility,76.0039,78.4052,2.4013,3.6632,False,False,False
table4,Q1,ubs,economic_agency_mobility,72.9608,74.6797,1.7190,2.6222,False,False,False
table4,Q1,ui,economic_agency_mobility,69.1569,67.7974,-1.3595,-2.0739,False,False,False
table4,Q1,wage_insurance,economic_agency_mobility,65.5686,67.7124,2.1438,3.2703,False,False,False
table4,Q1,almp,ownership_of_gains,10.2392,9.0131,-1.2261,-1.8705,False,False,False
table4,Q1,directed_industrial_policy,ownership_of_gains,21.6549,24.5163,2.8614,4.3651,False,False,False
table4,Q1,eitc,ownership_of_gains,10.1882,11.1634,0.9752,1.4876,False,False,False
table4,Q1,fjg,ownership_of_gains,17.8510,20.0196,2.1686,3.3082,False,False,False
table4,Q1,nit,ownership_of_gains,26.8824,26.2484,-0.6340,-0.9671,False,False,False
table4,Q1,sawf,ownership_of_gains,87.0653,88.0612,0.9959,1.5193,False,False,False
table4,Q1,ubc,ownership_of_gains,90.0510,88.2288,-1.8222,-2.7798,False,False,False
table4,Q1,ubi,ownership_of_gains,40.6275,43.1961,2.5686,3.9184,False,False,False
table4,Q1,ubs,ownership_of_gains,21.4863,22.8627,1.3765,2.0998,False,False,False
table4,Q1,ui,ownership_of_gains,11.2039,10.6209,-0.5830,-0.8894,False,False,False
table4,Q1,wage_insurance,ownership_of_gains,9.0980,9.6405,0.5425,0.8276,False,False,False
table4,Q1,almp,democratic_voice,40.6353,39.8431,-0.7922,-1.2084,False,False,False
table4,Q1,directed_industrial_policy,democratic_voice,30.1255,44.6078,14.4824,22.0927,True,True,True
table4,Q1,eitc,democratic_voice,50.0314,50.5490,0.5176,0.7897,False,False,False
table4,Q1,fjg,democratic_voice,53.4667,56.3464,2.8797,4.3930,False,False,False
table4,Q1,nit,democratic_voice,56.8706,55.3791,-1.4915,-2.2753,False,False,False
table4,Q1,sawf,democratic_voice,64.7224,66.3537,1.6313,2.4885,False,False,False
table4,Q1,ubc,democratic_voice,64.7059,64.4837,-0.2222,-0.3390,False,False,False
table4,Q1,ubi,democratic_voice,60.5882,63.6340,3.0458,4.6463,True,False,False
table4,Q1,ubs,democratic_voice,58.4000,58.5948,0.1948,0.2971,False,False,False
table4,Q1,ui,democratic_voice,51.7176,50.1765,-1.5412,-2.3510,False,False,False
table4,Q1,wage_insurance,democratic_voice,42.4392,42.2157,-0.2235,-0.3410,False,False,False
table4,Q1,almp,economic_feasibility,61.4784,64.5033,3.0248,4.6144,True,False,False
table4,Q1,directed_industrial_policy,economic_feasibility,37.8510,45.6275,7.7765,11.8629,True,True,False
table4,Q1,eitc,economic_feasibility,67.9961,67.9477,-0.0484,-0.0738,False,False,False
table4,Q1,fjg,economic_feasibility,37.5255,39.9150,2.3895,3.6452,False,False,False
table4,Q1,nit,economic_feasibility,52.7765,46.2941,-6.4824,-9.8888,True,True,False
table4,Q1,sawf,economic_feasibility,56.4857,61.0544,4.5687,6.9695,True,False,False
table4,Q1,ubc,economic_feasibility,47.2627,53.3725,6.1098,9.3204,True,True,False
table4,Q1,ubi,economic_feasibility,35.2824,37.9935,2.7111,4.1358,False,False,False
table4,Q1,ubs,economic_feasibility,45.2471,41.7516,-3.4954,-5.3322,True,False,False
table4,Q1,ui,economic_feasibility,59.7725,59.4837,-0.2889,-0.4407,False,False,False
table4,Q1,wage_insurance,economic_feasibility,67.5608,68.3660,0.8052,1.2284,False,False,False
table4,Q1,almp,implementation_readiness,55.9843,57.4314,1.4471,2.2075,False,False,False
table4,Q1,directed_industrial_policy,implementation_readiness,48.6980,50.9608,2.2627,3.4518,False,False,False
table4,Q1,eitc,implementation_readiness,89.3608,90.5621,1.2013,1.8326,False,False,False
table4,Q1,fjg,implementation_readiness,31.9922,35.2745,3.2824,5.0072,True,False,False
table4,Q1,nit,implementation_readiness,75.2471,62.7647,-12.4824,-19.0417,True,True,True
table4,Q1,sawf,implementation_readiness,41.3143,45.2653,3.9510,6.0272,True,False,False
table4,Q1,ubc,implementation_readiness,47.0941,51.9477,4.8536,7.4041,True,False,False
table4,Q1,ubi,implementation_readiness,48.1922,50.9869,2.7948,4.2634,False,False,False
table4,Q1,ubs,implementation_readiness,40.8745,44.8693,3.9948,6.0940,True,False,False
table4,Q1,ui,implementation_readiness,83.6902,84.8627,1.1725,1.7887,False,False,False
table4,Q1,wage_insurance,implementation_readiness,57.1333,59.0327,1.8993,2.8974,False,False,False
table4,Q1,almp,mild_disruption,73.5216,72.9673,-0.5542,-0.8455,False,False,False
table4,Q1,directed_industrial_policy,mild_disruption,57.1373,64.7582,7.6209,11.6256,True,True,False
table4,Q1,eitc,mild_disruption,79.8196,79.8039,-0.0157,-0.0239,False,False,False
table4,Q1,fjg,mild_disruption,70.6706,72.6471,1.9765,3.0151,False,False,False
table4,Q1,nit,mild_disruption,81.8392,80.9346,-0.9046,-1.3799,False,False,False
table4,Q1,sawf,mild_disruption,71.2939,74.0476,2.7537,4.2008,False,False,False
table4,Q1,ubc,mild_disruption,63.9529,64.3072,0.3542,0.5404,False,False,False
table4,Q1,ubi,mild_disruption,62.2078,68.0458,5.8379,8.9057,True,True,False
table4,Q1,ubs,mild_disruption,70.5255,74.6732,4.1477,6.3273,True,False,False
table4,Q1,ui,mild_disruption,83.6941,83.1503,-0.5438,-0.8295,False,False,False
table4,Q1,wage_insurance,mild_disruption,77.2118,76.2810,-0.9307,-1.4198,False,False,False
table4,Q1,almp,moderate_disruption,39.9882,38.5621,-1.4261,-2.1756,False,False,False
table4,Q1,directed_industrial_policy,moderate_disruption,39.9412,45.6667,5.7255,8.7342,True,True,False
table4,Q1,eitc,moderate_disruption,35.9176,34.4248,-1.4928,-2.2773,False,False,False
table4,Q1,fjg,moderate_disruption,55.6118,57.5882,1.9765,3.0151,False,False,False
table4,Q1,nit,moderate_disruption,52.8824,53.1307,0.2484,0.3789,False,False,False
table4,Q1,sawf,moderate_disruption,65.4286,67.0204,1.5918,2.4283,False,False,False
table4,Q1,ubc,moderate_disruption,69.4941,67.4837,-2.0105,-3.0669,False,False,False
table4,Q1,ubi,moderate_disruption,68.9529,69.9608,1.0078,1.5375,False,False,False
table4,Q1,ubs,moderate_disruption,63.8078,67.8039,3.9961,6.0960,True,False,False
table4,Q1,ui,moderate_disruption,44.9804,43.6732,-1.3072,-1.9941,False,False,False
table4,Q1,wage_insurance,moderate_disruption,39.9333,41.3856,1.4523,2.2154,False,False,False
table4,Q1,almp,full_transformation,13.0745,12.1438,-0.9307,-1.4198,False,False,False
table4,Q1,directed_industrial_policy,full_transformation,19.7804,24.8431,5.0627,7.7232,True,True,False
table4,Q1,eitc,full_transformation,9.7373,9.5556,-0.1817,-0.2772,False,False,False
table4,Q1,fjg,full_transformation,25.1020,27.6078,2.5059,3.8227,False,False,False
table4,Q1,nit,full_transformation,28.5098,28.6471,0.1373,0.2094,False,False,False
table4,Q1,sawf,full_transformation,57.2776,59.9388,2.6612,4.0597,False,False,False
table4,Q1,ubc,full_transformation,68.0980,62.5098,-5.5882,-8.5248,True,True,False
table4,Q1,ubi,full_transformation,65.0118,65.4771,0.4654,0.7099,False,False,False
table4,Q1,ubs,full_transformation,47.4510,58.0523,10.6013,16.1722,True,True,True
table4,Q1,ui,full_transformation,14.4980,13.3529,-1.1451,-1.7468,False,False,False
table4,Q1,wage_insurance,full_transformation,10.8745,12.2876,1.4131,2.1556,False,False,False
table4,Q4,almp,standards_of_living,42.2863,37.0523,-5.2340,-9.3639,True,True,False
table4,Q4,directed_industrial_policy,standards_of_living,44.4392,50.4314,5.9922,10.7203,True,True,False
table4,Q4,eitc,standards_of_living,74.3059,72.0327,-2.2732,-4.0669,False,False,False
table4,Q4,fjg,standards_of_living,70.8667,68.6471,-2.2196,-3.9710,False,False,False
table4,Q4,nit,standards_of_living,81.8549,85.1634,3.3085,5.9191,True,False,False
table4,Q4,sawf,standards_of_living,70.8571,67.7687,-3.0884,-5.5254,True,False,False
table4,Q4,ubc,standards_of_living,51.1961,50.8039,-0.3922,-0.7016,False,False,False
table4,Q4,ubi,standards_of_living,80.6745,81.1895,0.5150,0.9214,False,False,False
table4,Q4,ubs,standards_of_living,81.2706,80.1961,-1.0745,-1.9224,False,False,False
table4,Q4,ui,standards_of_living,72.6902,68.3791,-4.3111,-7.7128,True,False,False
table4,Q4,wage_insurance,standards_of_living,57.4392,57.0458,-0.3935,-0.7039,False,False,False
table4,Q4,almp,meaning_human_value,63.9176,63.9477,0.0301,0.0538,False,False,False
table4,Q4,directed_industrial_policy,meaning_human_value,59.2039,68.1307,8.9268,15.9705,True,True,True
table4,Q4,eitc,meaning_human_value,65.4902,66.8170,1.3268,2.3737,False,False,False
table4,Q4,fjg,meaning_human_value,83.5686,83.5948,0.0261,0.0468,False,False,False
table4,Q4,nit,meaning_human_value,58.4353,60.9869,2.5516,4.5650,False,False,False
table4,Q4,sawf,meaning_human_value,49.1469,41.1565,-7.9905,-14.2954,True,True,False
table4,Q4,ubc,meaning_human_value,62.3608,58.7320,-3.6288,-6.4920,True,False,False
table4,Q4,ubi,meaning_human_value,60.2706,54.0915,-6.1791,-11.0547,True,True,False
table4,Q4,ubs,meaning_human_value,62.9333,61.4314,-1.5020,-2.6871,False,False,False
table4,Q4,ui,meaning_human_value,54.2510,56.6667,2.4157,4.3218,False,False,False
table4,Q4,wage_insurance,meaning_human_value,65.4745,68.9477,3.4732,6.2138,True,False,False
table4,Q4,almp,macro_stabilisation,26.9216,22.2484,-4.6732,-8.3606,True,False,False
table4,Q4,directed_industrial_policy,macro_stabilisation,30.7176,36.6928,5.9752,10.6899,True,True,False
table4,Q4,eitc,macro_stabilisation,51.1255,49.2549,-1.8706,-3.3466,False,False,False
table4,Q4,fjg,macro_stabilisation,80.1451,80.4248,0.2797,0.5005,False,False,False
table4,Q4,nit,macro_stabilisation,80.5961,83.8366,3.2405,5.7975,True,False,False
table4,Q4,sawf,macro_stabilisation,52.7061,55.3401,2.6340,4.7124,False,False,False
table4,Q4,ubc,macro_stabilisation,32.6627,34.6993,2.0366,3.6436,False,False,False
table4,Q4,ubi,macro_stabilisation,56.5373,56.9412,0.4039,0.7226,False,False,False
table4,Q4,ubs,macro_stabilisation,56.8745,54.6340,-2.2405,-4.0084,False,False,False
table4,Q4,ui,macro_stabilisation,88.1765,87.5033,-0.6732,-1.2044,False,False,False
table4,Q4,wage_insurance,macro_stabilisation,45.2902,48.7451,3.4549,6.1810,True,False,False
table4,Q4,almp,economic_agency_mobility,70.2627,69.0523,-1.2105,-2.1656,False,False,False
table4,Q4,directed_industrial_policy,economic_agency_mobility,44.6627,48.3595,3.6967,6.6137,True,False,False
table4,Q4,eitc,economic_agency_mobility,42.1333,39.4444,-2.6889,-4.8106,False,False,False
table4,Q4,fjg,economic_agency_mobility,73.3882,70.4967,-2.8915,-5.1731,False,False,False
table4,Q4,nit,economic_agency_mobility,68.7373,71.9412,3.2039,5.7320,True,False,False
table4,Q4,sawf,economic_agency_mobility,61.9061,62.3741,0.4680,0.8373,False,False,False
table4,Q4,ubc,economic_agency_mobility,72.1451,67.1569,-4.9882,-8.9242,True,False,False
table4,Q4,ubi,economic_agency_mobility,76.0039,78.7059,2.7020,4.8340,False,False,False
table4,Q4,ubs,economic_agency_mobility,72.9608,74.1765,1.2157,2.1749,False,False,False
table4,Q4,ui,economic_agency_mobility,69.1569,61.6471,-7.5098,-13.4355,True,True,False
table4,Q4,wage_insurance,economic_agency_mobility,65.5686,63.8105,-1.7582,-3.1455,False,False,False
table4,Q4,almp,ownership_of_gains,10.2392,8.3268,-1.9124,-3.4214,False,False,False
table4,Q4,directed_industrial_policy,ownership_of_gains,21.6549,23.4248,1.7699,3.1665,False,False,False
table4,Q4,eitc,ownership_of_gains,10.1882,9.2418,-0.9464,-1.6932,False,False,False
table4,Q4,fjg,ownership_of_gains,17.8510,15.2745,-2.5765,-4.6094,False,False,False
table4,Q4,nit,ownership_of_gains,26.8824,31.2810,4.3987,7.8695,True,False,False
table4,Q4,sawf,ownership_of_gains,87.0653,84.9660,-2.0993,-3.7558,False,False,False
table4,Q4,ubc,ownership_of_gains,90.0510,89.5752,-0.4758,-0.8513,False,False,False
table4,Q4,ubi,ownership_of_gains,40.6275,43.4837,2.8562,5.1099,False,False,False
table4,Q4,ubs,ownership_of_gains,21.4863,20.9804,-0.5059,-0.9051,False,False,False
table4,Q4,ui,ownership_of_gains,11.2039,8.9673,-2.2366,-4.0014,False,False,False
table4,Q4,wage_insurance,ownership_of_gains,9.0980,9.1765,0.0784,0.1403,False,False,False
table4,Q4,almp,democratic_voice,40.6353,38.2418,-2.3935,-4.2820,False,False,False
table4,Q4,directed_industrial_policy,democratic_voice,30.1255,33.8954,3.7699,6.7446,True,False,False
table4,Q4,eitc,democratic_voice,50.0314,48.7190,-1.3124,-2.3480,False,False,False
table4,Q4,fjg,democratic_voice,53.4667,52.9085,-0.5582,-0.9986,False,False,False
table4,Q4,nit,democratic_voice,56.8706,55.0131,-1.8575,-3.3232,False,False,False
table4,Q4,sawf,democratic_voice,64.7224,58.5034,-6.2190,-11.1262,True,True,False
table4,Q4,ubc,democratic_voice,64.7059,62.9673,-1.7386,-3.1104,False,False,False
table4,Q4,ubi,democratic_voice,60.5882,60.6144,0.0261,0.0468,False,False,False
table4,Q4,ubs,democratic_voice,58.4000,57.6863,-0.7137,-1.2769,False,False,False
table4,Q4,ui,democratic_voice,51.7176,51.3007,-0.4170,-0.7460,False,False,False
table4,Q4,wage_insurance,democratic_voice,42.4392,41.6993,-0.7399,-1.3237,False,False,False
table4,Q4,almp,economic_feasibility,61.4784,67.1111,5.6327,10.0772,True,True,False
table4,Q4,directed_industrial_policy,economic_feasibility,37.8510,41.5882,3.7373,6.6862,True,False,False
table4,Q4,eitc,economic_feasibility,67.9961,72.8170,4.8209,8.6249,True,False,False
table4,Q4,fjg,economic_feasibility,37.5255,37.5948,0.0693,0.1239,False,False,False
table4,Q4,nit,economic_feasibility,52.7765,55.3660,2.5895,4.6328,False,False,False
table4,Q4,sawf,economic_feasibility,56.4857,56.1905,-0.2952,-0.5282,False,False,False
table4,Q4,ubc,economic_feasibility,47.2627,46.0719,-1.1908,-2.1305,False,False,False
table4,Q4,ubi,economic_feasibility,35.2824,30.7908,-4.4915,-8.0355,True,False,False
table4,Q4,ubs,economic_feasibility,45.2471,40.1830,-5.0641,-9.0599,True,True,False
table4,Q4,ui,economic_feasibility,59.7725,65.2876,5.5150,9.8667,True,True,False
table4,Q4,wage_insurance,economic_feasibility,67.5608,69.4902,1.9294,3.4518,False,False,False
table4,Q4,almp,implementation_readiness,55.9843,56.4902,0.5059,0.9051,False,False,False
table4,Q4,directed_industrial_policy,implementation_readiness,48.6980,49.6405,0.9425,1.6862,False,False,False
table4,Q4,eitc,implementation_readiness,89.3608,88.3856,-0.9752,-1.7446,False,False,False
table4,Q4,fjg,implementation_readiness,31.9922,33.3072,1.3150,2.3527,False,False,False
table4,Q4,nit,implementation_readiness,75.2471,69.2941,-5.9529,-10.6501,True,True,False
table4,Q4,sawf,implementation_readiness,41.3143,41.3469,0.0327,0.0584,False,False,False
table4,Q4,ubc,implementation_readiness,47.0941,40.3725,-6.7216,-12.0253,True,True,False
table4,Q4,ubi,implementation_readiness,48.1922,47.8105,-0.3817,-0.6829,False,False,False
table4,Q4,ubs,implementation_readiness,40.8745,41.4248,0.5503,0.9846,False,False,False
table4,Q4,ui,implementation_readiness,83.6902,84.1307,0.4405,0.7881,False,False,False
table4,Q4,wage_insurance,implementation_readiness,57.1333,56.6928,-0.4405,-0.7881,False,False,False
table4,Q4,almp,mild_disruption,73.5216,74.7190,1.1974,2.1422,False,False,False
table4,Q4,directed_industrial_policy,mild_disruption,57.1373,62.5294,5.3922,9.6469,True,True,False
table4,Q4,eitc,mild_disruption,79.8196,80.6797,0.8601,1.5388,False,False,False
table4,Q4,fjg,mild_disruption,70.6706,67.7124,-2.9582,-5.2923,False,False,False
table4,Q4,nit,mild_disruption,81.8392,84.1895,2.3503,4.2049,False,False,False
table4,Q4,sawf,mild_disruption,71.2939,66.1224,-5.1714,-9.2520,True,True,False
table4,Q4,ubc,mild_disruption,63.9529,61.7386,-2.2144,-3.9616,False,False,False
table4,Q4,ubi,mild_disruption,62.2078,56.7778,-5.4301,-9.7147,True,True,False
table4,Q4,ubs,mild_disruption,70.5255,69.0980,-1.4275,-2.5538,False,False,False
table4,Q4,ui,mild_disruption,83.6941,83.6340,-0.0601,-0.1076,False,False,False
table4,Q4,wage_insurance,mild_disruption,77.2118,78.9281,1.7163,3.0706,False,False,False
table4,Q4,almp,moderate_disruption,39.9882,39.0131,-0.9752,-1.7446,False,False,False
table4,Q4,directed_industrial_policy,moderate_disruption,39.9412,46.9608,7.0196,12.5585,True,True,False
table4,Q4,eitc,moderate_disruption,35.9176,33.1765,-2.7412,-4.9041,False,False,False
table4,Q4,fjg,moderate_disruption,55.6118,56.4641,0.8523,1.5248,False,False,False
table4,Q4,nit,moderate_disruption,52.8824,56.7712,3.8889,6.9574,True,False,False
table4,Q4,sawf,moderate_disruption,65.4286,70.5986,5.1701,9.2495,True,True,False
table4,Q4,ubc,moderate_disruption,69.4941,70.1634,0.6693,1.1974,False,False,False
table4,Q4,ubi,moderate_disruption,68.9529,72.3987,3.4458,6.1646,True,False,False
table4,Q4,ubs,moderate_disruption,63.8078,62.4706,-1.3373,-2.3924,False,False,False
table4,Q4,ui,moderate_disruption,44.9804,43.3791,-1.6013,-2.8648,False,False,False
table4,Q4,wage_insurance,moderate_disruption,39.9333,39.9804,0.0471,0.0842,False,False,False
table4,Q4,almp,full_transformation,13.0745,11.5163,-1.5582,-2.7877,False,False,False
table4,Q4,directed_industrial_policy,full_transformation,19.7804,23.2288,3.4484,6.1693,True,False,False
table4,Q4,eitc,full_transformation,9.7373,8.4641,-1.2732,-2.2778,False,False,False
table4,Q4,fjg,full_transformation,25.1020,23.2941,-1.8078,-3.2343,False,False,False
table4,Q4,nit,full_transformation,28.5098,31.4902,2.9804,5.3321,False,False,False
table4,Q4,sawf,full_transformation,57.2776,64.6259,7.3483,13.1465,True,True,False
table4,Q4,ubc,full_transformation,68.0980,70.4575,2.3595,4.2212,False,False,False
table4,Q4,ubi,full_transformation,65.0118,65.0980,0.0863,0.1543,False,False,False
table4,Q4,ubs,full_transformation,47.4510,45.6405,-1.8105,-3.2390,False,False,False
table4,Q4,ui,full_transformation,14.4980,12.8824,-1.6157,-2.8906,False,False,False
table4,Q4,wage_insurance,full_transformation,10.8745,10.2484,-0.6261,-1.1202,False,False,False
table4,Q3c,almp,standards_of_living,42.7778,43.6667,0.8889,0.4449,False,False,False
table4,Q3c,directed_industrial_policy,standards_of_living,45.8000,48.8889,3.0889,1.5461,True,False,False
table4,Q3c,eitc,standards_of_living,75.4600,68.7000,-6.7600,-3.3835,True,True,False
table4,Q3c,fjg,standards_of_living,69.6889,69.6667,-0.0222,-0.0111,False,False,False
table4,Q3c,nit,standards_of_living,82.0444,81.6667,-0.3778,-0.1891,False,False,False
table4,Q3c,sawf,standards_of_living,70.6750,73.7500,3.0750,1.5391,True,False,False
table4,Q3c,ubc,standards_of_living,51.3556,50.6667,-0.6889,-0.3448,False,False,False
table4,Q3c,ubi,standards_of_living,78.9778,80.7778,1.8000,0.9009,False,False,False
table4,Q3c,ubs,standards_of_living,79.9778,79.5556,-0.4222,-0.2113,False,False,False
table4,Q3c,ui,standards_of_living,71.6667,69.1111,-2.5556,-1.2791,False,False,False
table4,Q3c,wage_insurance,standards_of_living,56.8000,57.0000,0.2000,0.1001,False,False,False
table4,Q3c,almp,meaning_human_value,65.1778,63.8889,-1.2889,-0.6451,False,False,False
table4,Q3c,directed_industrial_policy,meaning_human_value,59.5778,63.6667,4.0889,2.0466,True,False,False
table4,Q3c,eitc,meaning_human_value,65.3800,63.4000,-1.9800,-0.9910,False,False,False
table4,Q3c,fjg,meaning_human_value,83.0444,82.3333,-0.7111,-0.3559,False,False,False
table4,Q3c,nit,meaning_human_value,58.3556,57.6667,-0.6889,-0.3448,False,False,False
table4,Q3c,sawf,meaning_human_value,46.1750,43.6250,-2.5500,-1.2763,False,False,False
table4,Q3c,ubc,meaning_human_value,61.5778,60.3333,-1.2444,-0.6229,False,False,False
table4,Q3c,ubi,meaning_human_value,56.4444,55.5556,-0.8889,-0.4449,False,False,False
table4,Q3c,ubs,meaning_human_value,62.4889,60.8889,-1.6000,-0.8008,False,False,False
table4,Q3c,ui,meaning_human_value,54.5333,54.7778,0.2444,0.1223,False,False,False
table4,Q3c,wage_insurance,meaning_human_value,63.7333,67.6667,3.9333,1.9687,True,False,False
table4,Q3c,almp,macro_stabilisation,27.3333,26.1111,-1.2222,-0.6117,False,False,False
table4,Q3c,directed_industrial_policy,macro_stabilisation,31.4444,33.3333,1.8889,0.9454,False,False,False
table4,Q3c,eitc,macro_stabilisation,49.9200,46.1000,-3.8200,-1.9120,True,False,False
table4,Q3c,fjg,macro_stabilisation,78.4444,80.4444,2.0000,1.0010,False,False,False
table4,Q3c,nit,macro_stabilisation,80.4000,80.3333,-0.0667,-0.0334,False,False,False
table4,Q3c,sawf,macro_stabilisation,53.2250,54.3750,1.1500,0.5756,False,False,False
table4,Q3c,ubc,macro_stabilisation,33.4222,32.2222,-1.2000,-0.6006,False,False,False
table4,Q3c,ubi,macro_stabilisation,54.8889,55.2222,0.3333,0.1668,False,False,False
table4,Q3c,ubs,macro_stabilisation,55.7556,53.8889,-1.8667,-0.9343,False,False,False
table4,Q3c,ui,macro_stabilisation,87.6222,87.3333,-0.2889,-0.1446,False,False,False
table4,Q3c,wage_insurance,macro_stabilisation,44.9111,46.1111,1.2000,0.6006,False,False,False
table4,Q3c,almp,economic_agency_mobility,70.3111,68.7778,-1.5333,-0.7675,False,False,False
table4,Q3c,directed_industrial_policy,economic_agency_mobility,46.0000,46.3333,0.3333,0.1668,False,False,False
table4,Q3c,eitc,economic_agency_mobility,41.8600,40.1000,-1.7600,-0.8809,False,False,False
table4,Q3c,fjg,economic_agency_mobility,71.9778,71.7778,-0.2000,-0.1001,False,False,False
table4,Q3c,nit,economic_agency_mobility,68.4667,66.4444,-2.0222,-1.0122,False,False,False
table4,Q3c,sawf,economic_agency_mobility,60.5250,64.2500,3.7250,1.8644,True,False,False
table4,Q3c,ubc,economic_agency_mobility,72.3333,74.2222,1.8889,0.9454,False,False,False
table4,Q3c,ubi,economic_agency_mobility,75.1778,77.0000,1.8222,0.9121,False,False,False
table4,Q3c,ubs,economic_agency_mobility,71.2000,74.4444,3.2444,1.6239,True,False,False
table4,Q3c,ui,economic_agency_mobility,69.6444,68.7778,-0.8667,-0.4338,False,False,False
table4,Q3c,wage_insurance,economic_agency_mobility,64.6222,63.0000,-1.6222,-0.8120,False,False,False
table4,Q3c,almp,ownership_of_gains,11.6222,11.5556,-0.0667,-0.0334,False,False,False
table4,Q3c,directed_industrial_policy,ownership_of_gains,22.9556,24.5556,1.6000,0.8008,False,False,False
table4,Q3c,eitc,ownership_of_gains,10.2400,9.8000,-0.4400,-0.2202,False,False,False
table4,Q3c,fjg,ownership_of_gains,17.4667,19.5556,2.0889,1.0455,False,False,False
table4,Q3c,nit,ownership_of_gains,26.8889,27.4444,0.5556,0.2781,False,False,False
table4,Q3c,sawf,ownership_of_gains,86.8250,86.8750,0.0500,0.0250,False,False,False
table4,Q3c,ubc,ownership_of_gains,89.6222,89.1111,-0.5111,-0.2558,False,False,False
table4,Q3c,ubi,ownership_of_gains,39.8444,43.8889,4.0444,2.0243,True,False,False
table4,Q3c,ubs,ownership_of_gains,21.6667,22.5556,0.8889,0.4449,False,False,False
table4,Q3c,ui,ownership_of_gains,11.2222,12.7778,1.5556,0.7786,False,False,False
table4,Q3c,wage_insurance,ownership_of_gains,8.6222,9.1111,0.4889,0.2447,False,False,False
table4,Q3c,almp,democratic_voice,39.2667,40.5556,1.2889,0.6451,False,False,False
table4,Q3c,directed_industrial_policy,democratic_voice,31.2444,31.4444,0.2000,0.1001,False,False,False
table4,Q3c,eitc,democratic_voice,49.4800,46.4000,-3.0800,-1.5416,True,False,False
table4,Q3c,fjg,democratic_voice,53.5778,53.3333,-0.2444,-0.1223,False,False,False
table4,Q3c,nit,democratic_voice,56.6000,55.4444,-1.1556,-0.5784,False,False,False
table4,Q3c,sawf,democratic_voice,64.0250,63.3750,-0.6500,-0.3253,False,False,False
table4,Q3c,ubc,democratic_voice,64.6667,65.3333,0.6667,0.3337,False,False,False
table4,Q3c,ubi,democratic_voice,60.0444,60.6667,0.6222,0.3114,False,False,False
table4,Q3c,ubs,democratic_voice,56.8889,56.1111,-0.7778,-0.3893,False,False,False
table4,Q3c,ui,democratic_voice,51.8889,50.3333,-1.5556,-0.7786,False,False,False
table4,Q3c,wage_insurance,democratic_voice,42.2667,42.0000,-0.2667,-0.1335,False,False,False
table4,Q3c,almp,economic_feasibility,61.0000,65.1111,4.1111,2.0577,True,False,False
table4,Q3c,directed_industrial_policy,economic_feasibility,38.1111,42.5556,4.4444,2.2245,True,False,False
table4,Q3c,eitc,economic_feasibility,68.4000,67.7000,-0.7000,-0.3504,False,False,False
table4,Q3c,fjg,economic_feasibility,37.7556,41.1111,3.3556,1.6795,True,False,False
table4,Q3c,nit,economic_feasibility,52.1778,52.0000,-0.1778,-0.0890,False,False,False
table4,Q3c,sawf,economic_feasibility,55.7250,57.2500,1.5250,0.7633,False,False,False
table4,Q3c,ubc,economic_feasibility,46.2444,47.7778,1.5333,0.7675,False,False,False
table4,Q3c,ubi,economic_feasibility,32.3111,32.4444,0.1333,0.0667,False,False,False
table4,Q3c,ubs,economic_feasibility,44.7111,44.5556,-0.1556,-0.0779,False,False,False
table4,Q3c,ui,economic_feasibility,59.7556,57.4444,-2.3111,-1.1568,False,False,False
table4,Q3c,wage_insurance,economic_feasibility,65.9333,69.4444,3.5111,1.7574,True,False,False
table4,Q3c,almp,implementation_readiness,55.2667,56.0000,0.7333,0.3670,False,False,False
table4,Q3c,directed_industrial_policy,implementation_readiness,47.8000,51.4444,3.6444,1.8241,True,False,False
table4,Q3c,eitc,implementation_readiness,89.5000,88.4000,-1.1000,-0.5506,False,False,False
table4,Q3c,fjg,implementation_readiness,32.0000,33.7778,1.7778,0.8898,False,False,False
table4,Q3c,nit,implementation_readiness,74.2889,73.8889,-0.4000,-0.2002,False,False,False
table4,Q3c,sawf,implementation_readiness,41.7250,43.5000,1.7750,0.8884,False,False,False
table4,Q3c,ubc,implementation_readiness,46.0222,48.2222,2.2000,1.1011,False,False,False
table4,Q3c,ubi,implementation_readiness,43.9333,43.1111,-0.8222,-0.4115,False,False,False
table4,Q3c,ubs,implementation_readiness,40.0667,41.3333,1.2667,0.6340,False,False,False
table4,Q3c,ui,implementation_readiness,83.3333,84.1111,0.7778,0.3893,False,False,False
table4,Q3c,wage_insurance,implementation_readiness,55.7333,59.2222,3.4889,1.7463,True,False,False
table4,Q3c,almp,mild_disruption,74.1556,73.4444,-0.7111,-0.3559,False,False,False
table4,Q3c,directed_industrial_policy,mild_disruption,57.2667,60.6667,3.4000,1.7018,True,False,False
table4,Q3c,eitc,mild_disruption,80.1200,80.5000,0.3800,0.1902,False,False,False
table4,Q3c,fjg,mild_disruption,70.4444,72.4444,2.0000,1.0010,False,False,False
table4,Q3c,nit,mild_disruption,81.4222,82.3333,0.9111,0.4560,False,False,False
table4,Q3c,sawf,mild_disruption,69.3500,72.8750,3.5250,1.7643,True,False,False
table4,Q3c,ubc,mild_disruption,62.3556,64.1111,1.7556,0.8787,False,False,False
table4,Q3c,ubi,mild_disruption,57.8444,59.1111,1.2667,0.6340,False,False,False
table4,Q3c,ubs,mild_disruption,69.9778,69.2222,-0.7556,-0.3782,False,False,False
table4,Q3c,ui,mild_disruption,83.4667,83.2222,-0.2444,-0.1223,False,False,False
table4,Q3c,wage_insurance,mild_disruption,76.2667,76.1111,-0.1556,-0.0779,False,False,False
table4,Q3c,almp,moderate_disruption,41.4667,39.6667,-1.8000,-0.9009,False,False,False
table4,Q3c,directed_industrial_policy,moderate_disruption,40.2889,43.8889,3.6000,1.8019,True,False,False
table4,Q3c,eitc,moderate_disruption,35.4000,35.1000,-0.3000,-0.1502,False,False,False
table4,Q3c,fjg,moderate_disruption,55.0222,54.6667,-0.3556,-0.1780,False,False,False
table4,Q3c,nit,moderate_disruption,53.5111,52.6667,-0.8444,-0.4227,False,False,False
table4,Q3c,sawf,moderate_disruption,66.3250,65.3750,-0.9500,-0.4755,False,False,False
table4,Q3c,ubc,moderate_disruption,69.3778,70.7778,1.4000,0.7007,False,False,False
table4,Q3c,ubi,moderate_disruption,67.1111,68.0000,0.8889,0.4449,False,False,False
table4,Q3c,ubs,moderate_disruption,64.5333,60.3333,-4.2000,-2.1022,True,False,False
table4,Q3c,ui,moderate_disruption,45.0444,44.7778,-0.2667,-0.1335,False,False,False
table4,Q3c,wage_insurance,moderate_disruption,39.6667,37.8889,-1.7778,-0.8898,False,False,False
table4,Q3c,almp,full_transformation,13.8667,12.5556,-1.3111,-0.6562,False,False,False
table4,Q3c,directed_industrial_policy,full_transformation,20.3333,20.8889,0.5556,0.2781,False,False,False
table4,Q3c,eitc,full_transformation,9.5000,8.2000,-1.3000,-0.6507,False,False,False
table4,Q3c,fjg,full_transformation,24.6889,27.2222,2.5333,1.2680,False,False,False
table4,Q3c,nit,full_transformation,29.4444,27.6667,-1.7778,-0.8898,False,False,False
table4,Q3c,sawf,full_transformation,58.9000,56.2500,-2.6500,-1.3264,False,False,False
table4,Q3c,ubc,full_transformation,68.2222,68.3333,0.1111,0.0556,False,False,False
table4,Q3c,ubi,full_transformation,64.7778,66.6667,1.8889,0.9454,False,False,False
table4,Q3c,ubs,full_transformation,50.4222,44.0000,-6.4222,-3.2144,True,True,False
table4,Q3c,ui,full_transformation,14.9111,14.7778,-0.1333,-0.0667,False,False,False
table4,Q3c,wage_insurance,full_transformation,10.9556,8.6667,-2.2889,-1.1456,False,False,False
table4,D2,almp,standards_of_living,42.2863,42.4510,0.1647,0.2181,False,False,False
table4,D2,directed_industrial_policy,standards_of_living,44.4392,43.4510,-0.9882,-1.3088,False,False,False
table4,D2,eitc,standards_of_living,74.3059,73.4510,-0.8549,-1.1322,False,False,False
table4,D2,fjg,standards_of_living,70.8667,77.5686,6.7020,8.8760,True,True,False
table4,D2,nit,standards_of_living,81.8549,80.1569,-1.6980,-2.2489,False,False,False
table4,D2,sawf,standards_of_living,70.8571,70.6122,-0.2449,-0.3243,False,False,False
table4,D2,ubc,standards_of_living,51.1961,51.7800,0.5839,0.7733,False,False,False
table4,D2,ubi,standards_of_living,80.6745,83.9167,3.2422,4.2939,True,False,False
table4,D2,ubs,standards_of_living,81.2706,82.9608,1.6902,2.2385,False,False,False
table4,D2,ui,standards_of_living,72.6902,70.3529,-2.3373,-3.0954,False,False,False
table4,D2,wage_insurance,standards_of_living,57.4392,52.9412,-4.4980,-5.9572,True,False,False
table4,D2,almp,meaning_human_value,63.9176,63.1176,-0.8000,-1.0595,False,False,False
table4,D2,directed_industrial_policy,meaning_human_value,59.2039,57.8039,-1.4000,-1.8541,False,False,False
table4,D2,eitc,meaning_human_value,65.4902,60.3529,-5.1373,-6.8037,True,True,False
table4,D2,fjg,meaning_human_value,83.5686,85.9608,2.3922,3.1681,False,False,False
table4,D2,nit,meaning_human_value,58.4353,59.4902,1.0549,1.3971,False,False,False
table4,D2,sawf,meaning_human_value,49.1469,52.9592,3.8122,5.0489,True,False,False
table4,D2,ubc,meaning_human_value,62.3608,63.6400,1.2792,1.6942,False,False,False
table4,D2,ubi,meaning_human_value,60.2706,66.9583,6.6877,8.8572,True,True,False
table4,D2,ubs,meaning_human_value,62.9333,62.4314,-0.5020,-0.6648,False,False,False
table4,D2,ui,meaning_human_value,54.2510,52.9412,-1.3098,-1.7347,False,False,False
table4,D2,wage_insurance,meaning_human_value,65.4745,60.9608,-4.5137,-5.9779,True,False,False
table4,D2,almp,macro_stabilisation,26.9216,26.9412,0.0196,0.0260,False,False,False
table4,D2,directed_industrial_policy,macro_stabilisation,30.7176,27.8235,-2.8941,-3.8329,False,False,False
table4,D2,eitc,macro_stabilisation,51.1255,49.4902,-1.6353,-2.1658,False,False,False
table4,D2,fjg,macro_stabilisation,80.1451,84.0588,3.9137,5.1833,True,False,False
table4,D2,nit,macro_stabilisation,80.5961,81.6471,1.0510,1.3919,False,False,False
table4,D2,sawf,macro_stabilisation,52.7061,58.0816,5.3755,7.1193,True,True,False
table4,D2,ubc,macro_stabilisation,32.6627,32.7600,0.0973,0.1288,False,False,False
table4,D2,ubi,macro_stabilisation,56.5373,63.5625,7.0252,9.3042,True,True,False
table4,D2,ubs,macro_stabilisation,56.8745,59.0980,2.2235,2.9448,False,False,False
table4,D2,ui,macro_stabilisation,88.1765,87.5294,-0.6471,-0.8570,False,False,False
table4,D2,wage_insurance,macro_stabilisation,45.2902,44.5686,-0.7216,-0.9556,False,False,False
table4,D2,almp,economic_agency_mobility,70.2627,72.8431,2.5804,3.4174,False,False,False
table4,D2,directed_industrial_policy,economic_agency_mobility,44.6627,44.9804,0.3176,0.4207,False,False,False
table4,D2,eitc,economic_agency_mobility,42.1333,39.4314,-2.7020,-3.5785,False,False,False
table4,D2,fjg,economic_agency_mobility,73.3882,76.4314,3.0431,4.0303,True,False,False
table4,D2,nit,economic_agency_mobility,68.7373,69.7843,1.0471,1.3867,False,False,False
table4,D2,sawf,economic_agency_mobility,61.9061,62.5102,0.6041,0.8000,False,False,False
table4,D2,ubc,economic_agency_mobility,72.1451,72.5600,0.4149,0.5495,False,False,False
table4,D2,ubi,economic_agency_mobility,76.0039,79.0208,3.0169,3.9956,True,False,False
table4,D2,ubs,economic_agency_mobility,72.9608,72.0000,-0.9608,-1.2725,False,False,False
table4,D2,ui,economic_agency_mobility,69.1569,70.5098,1.3529,1.7918,False,False,False
table4,D2,wage_insurance,economic_agency_mobility,65.5686,63.0000,-2.5686,-3.4019,False,False,False
table4,D2,almp,ownership_of_gains,10.2392,10.7647,0.5255,0.6960,False,False,False
table4,D2,directed_industrial_policy,ownership_of_gains,21.6549,22.1765,0.5216,0.6908,False,False,False
table4,D2,eitc,ownership_of_gains,10.1882,8.7843,-1.4039,-1.8593,False,False,False
table4,D2,fjg,ownership_of_gains,17.8510,20.8824,3.0314,4.0147,True,False,False
table4,D2,nit,ownership_of_gains,26.8824,26.5294,-0.3529,-0.4674,False,False,False
table4,D2,sawf,ownership_of_gains,87.0653,88.3265,1.2612,1.6704,False,False,False
table4,D2,ubc,ownership_of_gains,90.0510,91.5800,1.5290,2.0250,False,False,False
table4,D2,ubi,ownership_of_gains,40.6275,40.7500,0.1225,0.1623,False,False,False
table4,D2,ubs,ownership_of_gains,21.4863,21.3725,-0.1137,-0.1506,False,False,False
table4,D2,ui,ownership_of_gains,11.2039,9.2941,-1.9098,-2.5293,False,False,False
table4,D2,wage_insurance,ownership_of_gains,9.0980,6.8235,-2.2745,-3.0123,False,False,False
table4,D2,almp,democratic_voice,40.6353,39.5882,-1.0471,-1.3867,False,False,False
table4,D2,directed_industrial_policy,democratic_voice,30.1255,29.9216,-0.2039,-0.2701,False,False,False
table4,D2,eitc,democratic_voice,50.0314,48.1961,-1.8353,-2.4306,False,False,False
table4,D2,fjg,democratic_voice,53.4667,56.5686,3.1020,4.1082,True,False,False
table4,D2,nit,democratic_voice,56.8706,56.4510,-0.4196,-0.5557,False,False,False
table4,D2,sawf,democratic_voice,64.7224,68.5306,3.8082,5.0435,True,False,False
table4,D2,ubc,democratic_voice,64.7059,65.4200,0.7141,0.9458,False,False,False
table4,D2,ubi,democratic_voice,60.5882,63.8333,3.2451,4.2978,True,False,False
table4,D2,ubs,democratic_voice,58.4000,58.0000,-0.4000,-0.5298,False,False,False
table4,D2,ui,democratic_voice,51.7176,50.6471,-1.0706,-1.4179,False,False,False
table4,D2,wage_insurance,democratic_voice,42.4392,39.5882,-2.8510,-3.7758,False,False,False
table4,D2,almp,economic_feasibility,61.4784,63.0784,1.6000,2.1190,False,False,False
table4,D2,directed_industrial_policy,economic_feasibility,37.8510,37.9216,0.0706,0.0935,False,False,False
table4,D2,eitc,economic_feasibility,67.9961,64.0000,-3.9961,-5.2924,True,False,False
table4,D2,fjg,economic_feasibility,37.5255,45.1373,7.6118,10.0809,True,True,False
table4,D2,nit,economic_feasibility,52.7765,53.9804,1.2039,1.5945,False,False,False
table4,D2,sawf,economic_feasibility,56.4857,61.0816,4.5959,6.0868,True,False,False
table4,D2,ubc,economic_feasibility,47.2627,49.1200,1.8573,2.4597,False,False,False
table4,D2,ubi,economic_feasibility,35.2824,42.1250,6.8426,9.0623,True,True,False
table4,D2,ubs,economic_feasibility,45.2471,54.3333,9.0863,12.0338,True,True,True
table4,D2,ui,economic_feasibility,59.7725,58.8824,-0.8902,-1.1790,False,False,False
table4,D2,wage_insurance,economic_feasibility,67.5608,67.0980,-0.4627,-0.6129,False,False,False
table4,D2,almp,implementation_readiness,55.9843,57.6471,1.6627,2.2021,False,False,False
table4,D2,directed_industrial_policy,implementation_readiness,48.6980,52.0392,3.3412,4.4250,True,False,False
table4,D2,eitc,implementation_readiness,89.3608,88.3529,-1.0078,-1.3348,False,False,False
table4,D2,fjg,implementation_readiness,31.9922,34.4118,2.4196,3.2045,False,False,False
table4,D2,nit,implementation_readiness,75.2471,72.9412,-2.3059,-3.0539,False,False,False
table4,D2,sawf,implementation_readiness,41.3143,46.3265,5.0122,6.6382,True,True,False
table4,D2,ubc,implementation_readiness,47.0941,48.5400,1.4459,1.9149,False,False,False
table4,D2,ubi,implementation_readiness,48.1922,50.8542,2.6620,3.5255,False,False,False
table4,D2,ubs,implementation_readiness,40.8745,41.5882,0.7137,0.9453,False,False,False
table4,D2,ui,implementation_readiness,83.6902,83.5490,-0.1412,-0.1870,False,False,False
table4,D2,wage_insurance,implementation_readiness,57.1333,54.9608,-2.1725,-2.8773,False,False,False
table4,D2,almp,mild_disruption,73.5216,75.4314,1.9098,2.5293,False,False,False
table4,D2,directed_industrial_policy,mild_disruption,57.1373,59.3922,2.2549,2.9864,False,False,False
table4,D2,eitc,mild_disruption,79.8196,78.1961,-1.6235,-2.1502,False,False,False
table4,D2,fjg,mild_disruption,70.6706,76.9020,6.2314,8.2528,True,True,False
table4,D2,nit,mild_disruption,81.8392,80.9216,-0.9176,-1.2153,False,False,False
table4,D2,sawf,mild_disruption,71.2939,75.1837,3.8898,5.1516,True,False,False
table4,D2,ubc,mild_disruption,63.9529,66.5000,2.5471,3.3733,False,False,False
table4,D2,ubi,mild_disruption,62.2078,72.7917,10.5838,14.0171,True,True,True
table4,D2,ubs,mild_disruption,70.5255,73.0000,2.4745,3.2772,False,False,False
table4,D2,ui,mild_disruption,83.6941,82.7255,-0.9686,-1.2828,False,False,False
table4,D2,wage_insurance,mild_disruption,77.2118,75.0784,-2.1333,-2.8254,False,False,False
table4,D2,almp,moderate_disruption,39.9882,41.0784,1.0902,1.4438,False,False,False
table4,D2,directed_industrial_policy,moderate_disruption,39.9412,39.0196,-0.9216,-1.2205,False,False,False
table4,D2,eitc,moderate_disruption,35.9176,32.4118,-3.5059,-4.6432,True,False,False
table4,D2,fjg,moderate_disruption,55.6118,58.5882,2.9765,3.9420,False,False,False
table4,D2,nit,moderate_disruption,52.8824,51.3137,-1.5686,-2.0775,False,False,False
table4,D2,sawf,moderate_disruption,65.4286,60.1020,-5.3265,-7.0544,True,True,False
table4,D2,ubc,moderate_disruption,69.4941,67.5800,-1.9141,-2.5350,False,False,False
table4,D2,ubi,moderate_disruption,68.9529,69.6042,0.6512,0.8625,False,False,False
table4,D2,ubs,moderate_disruption,63.8078,63.2353,-0.5725,-0.7583,False,False,False
table4,D2,ui,moderate_disruption,44.9804,42.7059,-2.2745,-3.0123,False,False,False
table4,D2,wage_insurance,moderate_disruption,39.9333,36.2745,-3.6588,-4.8457,True,False,False
table4,D2,almp,full_transformation,13.0745,13.4706,0.3961,0.5246,False,False,False
table4,D2,directed_industrial_policy,full_transformation,19.7804,18.7451,-1.0353,-1.3711,False,False,False
table4,D2,eitc,full_transformation,9.7373,7.8039,-1.9333,-2.5605,False,False,False
table4,D2,fjg,full_transformation,25.1020,28.9216,3.8196,5.0587,True,False,False
table4,D2,nit,full_transformation,28.5098,28.1373,-0.3725,-0.4934,False,False,False
table4,D2,sawf,full_transformation,57.2776,55.2653,-2.0122,-2.6650,False,False,False
table4,D2,ubc,full_transformation,68.0980,69.6200,1.5220,2.0157,False,False,False
table4,D2,ubi,full_transformation,65.0118,63.6250,-1.3868,-1.8366,False,False,False
table4,D2,ubs,full_transformation,47.4510,47.3922,-0.0588,-0.0779,False,False,False
table4,D2,ui,full_transformation,14.4980,12.3922,-2.1059,-2.7890,False,False,False
table4,D2,wage_insurance,full_transformation,10.8745,9.4510,-1.4235,-1.8853,False,False,False
added,B',almp,admin_capacity_speed,43.0980,43.7843,0.6863,0.7603,False,False,False
added,B',directed_industrial_policy,admin_capacity_speed,31.2941,32.4314,1.1373,1.2600,False,False,False
added,B',eitc,admin_capacity_speed,57.3020,59.1373,1.8353,2.0333,False,False,False
added,B',fjg,admin_capacity_speed,36.7608,35.7451,-1.0157,-1.1253,False,False,False
added,B',nit,admin_capacity_speed,79.2549,78.5294,-0.7255,-0.8038,False,False,False
added,B',sawf,admin_capacity_speed,60.3469,60.2653,-0.0816,-0.0904,False,False,False
added,B',ubc,admin_capacity_speed,50.4863,50.0392,-0.4471,-0.4953,False,False,False
added,B',ubi,admin_capacity_speed,80.4196,79.6078,-0.8118,-0.8994,False,False,False
added,B',ubs,admin_capacity_speed,44.0706,46.0588,1.9882,2.2028,False,False,False
added,B',ui,admin_capacity_speed,63.4314,62.8824,-0.5490,-0.6083,False,False,False
added,B',wage_insurance,admin_capacity_speed,60.3490,61.2549,0.9059,1.0036,False,False,False
added,B',almp,political_support,64.6235,65.2941,0.6706,0.7430,False,False,False
added,B',directed_industrial_policy,political_support,63.4118,63.5294,0.1176,0.1303,False,False,False
added,B',eitc,political_support,85.5725,84.8235,-0.7490,-0.8298,False,False,False
added,B',fjg,political_support,43.0549,46.6863,3.6314,4.0232,True,False,False
added,B',nit,political_support,61.7961,60.6275,-1.1686,-1.2947,False,False,False
added,B',sawf,political_support,69.8816,69.3469,-0.5347,-0.5924,False,False,False
added,B',ubc,political_support,54.4588,54.7843,0.3255,0.3606,False,False,False
added,B',ubi,political_support,42.4118,43.4706,1.0588,1.1731,False,False,False
added,B',ubs,political_support,45.8902,47.5294,1.6392,1.8161,False,False,False
added,B',ui,political_support,70.0902,70.7647,0.6745,0.7473,False,False,False
added,B',wage_insurance,political_support,63.3961,65.7451,2.3490,2.6025,False,False,False
added,Q1,almp,admin_capacity_speed,43.0980,45.8627,2.7647,5.0424,False,False,False
added,Q1,directed_industrial_policy,admin_capacity_speed,31.2941,35.0000,3.7059,6.7590,True,False,False
added,Q1,eitc,admin_capacity_speed,57.3020,57.3072,0.0052,0.0095,False,False,False
added,Q1,fjg,admin_capacity_speed,36.7608,39.2549,2.4941,4.5489,False,False,False
added,Q1,nit,admin_capacity_speed,79.2549,74.5556,-4.6993,-8.5709,True,False,False
added,Q1,sawf,admin_capacity_speed,60.3469,60.8367,0.4898,0.8933,False,False,False
added,Q1,ubc,admin_capacity_speed,50.4863,51.0131,0.5268,0.9608,False,False,False
added,Q1,ubi,admin_capacity_speed,80.4196,83.5556,3.1359,5.7195,True,False,False
added,Q1,ubs,admin_capacity_speed,44.0706,47.5752,3.5046,6.3918,True,False,False
added,Q1,ui,admin_capacity_speed,63.4314,63.6797,0.2484,0.4530,False,False,False
added,Q1,wage_insurance,admin_capacity_speed,60.3490,59.8693,-0.4797,-0.8750,False,False,False
added,Q1,almp,political_support,64.6235,67.2222,2.5987,4.7396,False,False,False
added,Q1,directed_industrial_policy,political_support,63.4118,67.0784,3.6667,6.6875,True,False,False
added,Q1,eitc,political_support,85.5725,85.5229,-0.0497,-0.0906,False,False,False
added,Q1,fjg,political_support,43.0549,46.2810,3.2261,5.8840,True,False,False
added,Q1,nit,political_support,61.7961,49.6209,-12.1752,-22.2057,True,True,True
added,Q1,sawf,political_support,69.8816,66.4558,-3.4259,-6.2482,True,False,False
added,Q1,ubc,political_support,54.4588,52.6013,-1.8575,-3.3878,False,False,False
added,Q1,ubi,political_support,42.4118,44.3203,1.9085,3.4808,False,False,False
added,Q1,ubs,political_support,45.8902,48.7516,2.8614,5.2188,False,False,False
added,Q1,ui,political_support,70.0902,71.8301,1.7399,3.1733,False,False,False
added,Q1,wage_insurance,political_support,63.3961,63.3464,-0.0497,-0.0906,False,False,False
added,Q4,almp,admin_capacity_speed,43.0980,41.7124,-1.3856,-2.3948,False,False,False
added,Q4,directed_industrial_policy,admin_capacity_speed,31.2941,33.8693,2.5752,4.4508,False,False,False
added,Q4,eitc,admin_capacity_speed,57.3020,65.3725,8.0706,13.9488,True,True,True
added,Q4,fjg,admin_capacity_speed,36.7608,35.8170,-0.9438,-1.6312,False,False,False
added,Q4,nit,admin_capacity_speed,79.2549,76.2157,-3.0392,-5.2528,True,False,False
added,Q4,sawf,admin_capacity_speed,60.3469,62.5918,2.2449,3.8800,False,False,False
added,Q4,ubc,admin_capacity_speed,50.4863,49.9477,-0.5386,-0.9308,False,False,False
added,Q4,ubi,admin_capacity_speed,80.4196,81.8627,1.4431,2.4943,False,False,False
added,Q4,ubs,admin_capacity_speed,44.0706,42.4706,-1.6000,-2.7654,False,False,False
added,Q4,ui,admin_capacity_speed,63.4314,59.7843,-3.6471,-6.3034,True,False,False
added,Q4,wage_insurance,admin_capacity_speed,60.3490,58.2418,-2.1072,-3.6420,False,False,False
added,Q4,almp,political_support,64.6235,65.1438,0.5203,0.8992,False,False,False
added,Q4,directed_industrial_policy,political_support,63.4118,61.6405,-1.7712,-3.0613,False,False,False
added,Q4,eitc,political_support,85.5725,85.6993,0.1268,0.2192,False,False,False
added,Q4,fjg,political_support,43.0549,48.2092,5.1542,8.9084,True,True,False
added,Q4,nit,political_support,61.7961,55.6078,-6.1882,-10.6955,True,True,False
added,Q4,sawf,political_support,69.8816,52.8503,-17.0313,-29.4361,True,True,True
added,Q4,ubc,political_support,54.4588,54.2092,-0.2497,-0.4315,False,False,False
added,Q4,ubi,political_support,42.4118,39.7516,-2.6601,-4.5976,False,False,False
added,Q4,ubs,political_support,45.8902,45.7778,-0.1124,-0.1943,False,False,False
added,Q4,ui,political_support,70.0902,74.4641,4.3739,7.5596,True,False,False
added,Q4,wage_insurance,political_support,63.3961,65.0784,1.6824,2.9077,False,False,False
added,Q3c,almp,admin_capacity_speed,42.4000,43.5556,1.1556,0.5045,False,False,False
added,Q3c,directed_industrial_policy,admin_capacity_speed,31.8000,34.5556,2.7556,1.2031,False,False,False
added,Q3c,eitc,admin_capacity_speed,57.8800,51.5000,-6.3800,-2.7857,True,True,False
added,Q3c,fjg,admin_capacity_speed,36.4444,36.4444,0.0000,0.0000,False,False,False
added,Q3c,nit,admin_capacity_speed,80.1778,80.2222,0.0444,0.0194,False,False,False
added,Q3c,sawf,admin_capacity_speed,62.0750,61.7500,-0.3250,-0.1419,False,False,False
added,Q3c,ubc,admin_capacity_speed,50.4222,48.6667,-1.7556,-0.7665,False,False,False
added,Q3c,ubi,admin_capacity_speed,79.5556,79.1111,-0.4444,-0.1941,False,False,False
added,Q3c,ubs,admin_capacity_speed,43.9333,39.0000,-4.9333,-2.1540,True,False,False
added,Q3c,ui,admin_capacity_speed,62.6222,65.5556,2.9333,1.2808,False,False,False
added,Q3c,wage_insurance,admin_capacity_speed,60.4889,64.7778,4.2889,1.8726,True,False,False
added,Q3c,almp,political_support,66.3556,66.7778,0.4222,0.1844,False,False,False
added,Q3c,directed_industrial_policy,political_support,63.8000,68.2222,4.4222,1.9308,True,False,False
added,Q3c,eitc,political_support,85.9000,84.5000,-1.4000,-0.6113,False,False,False
added,Q3c,fjg,political_support,42.8222,42.4444,-0.3778,-0.1649,False,False,False
added,Q3c,nit,political_support,59.9111,58.1111,-1.8000,-0.7859,False,False,False
added,Q3c,sawf,political_support,69.7000,70.1250,0.4250,0.1856,False,False,False
added,Q3c,ubc,political_support,53.2444,57.3333,4.0889,1.7853,True,False,False
added,Q3c,ubi,political_support,39.4444,40.5556,1.1111,0.4851,False,False,False
added,Q3c,ubs,political_support,46.4444,44.7778,-1.6667,-0.7277,False,False,False
added,Q3c,ui,political_support,70.0667,72.1111,2.0444,0.8927,False,False,False
added,Q3c,wage_insurance,political_support,62.2222,63.3333,1.1111,0.4851,False,False,False
added,D2,almp,admin_capacity_speed,43.0980,46.5686,3.4706,4.2846,True,False,False
added,D2,directed_industrial_policy,admin_capacity_speed,31.2941,31.4706,0.1765,0.2179,False,False,False
added,D2,eitc,admin_capacity_speed,57.3020,56.9608,-0.3412,-0.4212,False,False,False
added,D2,fjg,admin_capacity_speed,36.7608,37.9804,1.2196,1.5057,False,False,False
added,D2,nit,admin_capacity_speed,79.2549,77.7451,-1.5098,-1.8639,False,False,False
added,D2,sawf,admin_capacity_speed,60.3469,57.9184,-2.4286,-2.9982,False,False,False
added,D2,ubc,admin_capacity_speed,50.4863,50.6600,0.1737,0.2145,False,False,False
added,D2,ubi,admin_capacity_speed,80.4196,79.0417,-1.3779,-1.7011,False,False,False
added,D2,ubs,admin_capacity_speed,44.0706,44.4118,0.3412,0.4212,False,False,False
added,D2,ui,admin_capacity_speed,63.4314,62.4706,-0.9608,-1.1861,False,False,False
added,D2,wage_insurance,admin_capacity_speed,60.3490,57.1765,-3.1725,-3.9167,True,False,False
added,D2,almp,political_support,64.6235,65.6275,1.0039,1.2394,False,False,False
added,D2,directed_industrial_policy,political_support,63.4118,64.1961,0.7843,0.9683,False,False,False
added,D2,eitc,political_support,85.5725,84.6078,-0.9647,-1.1910,False,False,False
added,D2,fjg,political_support,43.0549,45.4902,2.4353,3.0065,False,False,False
added,D2,nit,political_support,61.7961,60.3333,-1.4627,-1.8058,False,False,False
added,D2,sawf,political_support,69.8816,72.5510,2.6694,3.2955,False,False,False
added,D2,ubc,political_support,54.4588,55.8000,1.3412,1.6558,False,False,False
added,D2,ubi,political_support,42.4118,47.1250,4.7132,5.8187,True,False,False
added,D2,ubs,political_support,45.8902,47.0784,1.1882,1.4669,False,False,False
added,D2,ui,political_support,70.0902,70.1373,0.0471,0.0581,False,False,False
added,D2,wage_insurance,political_support,63.3961,62.7843,-0.6118,-0.7553,False,False,False
