criteria_set,cell_id,factor,pairing,k_b,k_cell,m,primary,count,n_units,noise_se,m_noise_multiple,noise_source,band_min,band_median,band_max,n_splits
table4,B',drift (B repeated at the end),paired,5,1,3,False,0,121,0.8479,3.5380,B,0,0,1,5
table4,B',drift (B repeated at the end),paired,5,1,5,True,0,121,0.8479,5.8966,B,0,0,0,5
table4,B',drift (B repeated at the end),paired,5,1,8,False,0,121,0.8479,9.4346,B,0,0,0,5
table4,Q1,policy identifier (name removed),paired,5,3,3,False,36,121,0.6555,4.5765,own,0,0.0,0,10
table4,Q1,policy identifier (name removed),paired,5,3,5,True,15,121,0.6555,7.6274,own,0,0.0,0,10
table4,Q1,policy identifier (name removed),paired,5,3,8,False,6,121,0.6555,12.2039,own,0,0.0,0,10
table4,Q4,evidence packet (none),paired,5,3,3,False,38,121,0.5590,5.3672,own,0,0.0,0,10
table4,Q4,evidence packet (none),paired,5,3,5,True,19,121,0.5590,8.9453,own,0,0.0,0,10
table4,Q4,evidence packet (none),paired,5,3,8,False,1,121,0.5590,14.3124,own,0,0.0,0,10
table4,Q3c,instruction wording,paired,5,1,3,False,21,121,1.9979,1.5016,B,11,12,25,5
table4,Q3c,instruction wording,paired,5,1,5,True,2,121,1.9979,2.5026,B,2,3,7,5
table4,Q3c,instruction wording,paired,5,1,8,False,0,121,1.9979,4.0042,B,0,0,1,5
table4,D2,persona (none),no personas,5,51,3,False,30,121,0.7551,3.9732,own,,,,0
table4,D2,persona (none),no personas,5,51,5,True,12,121,0.7551,6.6220,own,,,,0
table4,D2,persona (none),no personas,5,51,8,False,2,121,0.7551,10.5951,own,,,,0
added,B',drift (B repeated at the end),paired,5,1,3,False,1,22,0.9026,3.3237,B,0,0,0,5
added,B',drift (B repeated at the end),paired,5,1,5,False,0,22,0.9026,5.5396,B,0,0,0,5
added,B',drift (B repeated at the end),paired,5,1,8,False,0,22,0.9026,8.8633,B,0,0,0,5
added,Q1,policy identifier (name removed),paired,5,3,3,False,8,22,0.5483,5.4716,own,0,0.0,0,10
added,Q1,policy identifier (name removed),paired,5,3,5,False,1,22,0.5483,9.1193,own,0,0.0,0,10
added,Q1,policy identifier (name removed),paired,5,3,8,False,1,22,0.5483,14.5908,own,0,0.0,0,10
added,Q4,evidence packet (none),paired,5,3,3,False,7,22,0.5786,5.1851,own,0,0.0,0,10
added,Q4,evidence packet (none),paired,5,3,5,False,4,22,0.5786,8.6418,own,0,0.0,0,10
added,Q4,evidence packet (none),paired,5,3,8,False,2,22,0.5786,13.8268,own,0,0.0,0,10
added,Q3c,instruction wording,paired,5,1,3,False,5,22,2.2903,1.3099,B,1,4,7,5
added,Q3c,instruction wording,paired,5,1,5,False,1,22,2.2903,2.1831,B,0,0,1,5
added,Q3c,instruction wording,paired,5,1,8,False,0,22,2.2903,3.4930,B,0,0,1,5
added,D2,persona (none),no personas,5,51,3,False,3,22,0.8100,3.7037,own,,,,0
added,D2,persona (none),no personas,5,51,5,False,0,22,0.8100,6.1728,own,,,,0
added,D2,persona (none),no personas,5,51,8,False,0,22,0.8100,9.8764,own,,,,0
