cell_id,run,leaders_mild_disruption,leaders_moderate_disruption,leaders_full_transformation,leaders_scenario_durability,stage_follows_mild_disruption,stage_follows_moderate_disruption,stage_follows_full_transformation,ubs_rank_mild_disruption,ubs_rank_moderate_disruption,ubs_rank_full_transformation,ubs_rank_scenario_durability,ubs_leads,nit_political_score,nit_political_rank,n_political,nit_low_political,nit_despite_low_political,almp_mild_rank,r_approval_full,r_readiness_full
B,reference,ui,ubc,ubc,ubc,True,False,True,8.0000,4.0000,4.0000,4.0000,False,61.7961,7.0000,11,True,False,5.0000,-0.6962,-0.5362
B,mean,ui,ubc,ubc,ubc,True,False,True,8.0000,4.0000,4.0000,4.0000,False,61.7961,7.0000,11,True,False,5.0000,-0.6962,-0.5362
B,0,ui,ubi,ubi,ubc,True,False,False,8.0000,4.0000,4.0000,4.0000,False,62.3333,7.0000,11,True,False,5.0000,-0.7089,-0.4979
B,1,ui,ubc,ubc,ubc,True,False,True,6.0000,4.0000,4.0000,4.0000,False,60.6471,7.0000,11,True,False,5.0000,-0.6875,-0.5505
B,2,ui,ubc,ubc,ubc,True,False,True,8.0000,4.0000,4.0000,4.0000,False,61.5686,7.0000,11,True,False,5.0000,-0.6892,-0.5624
B,3,ui,ubc,ubc,ubc,True,False,True,7.0000,4.0000,4.0000,4.0000,False,61.8824,7.0000,11,True,False,5.0000,-0.7046,-0.5217
B,4,ui,ubc;ubi,ubc,ubc,True,False,True,8.0000,4.0000,4.0000,4.0000,False,62.5490,7.0000,11,True,False,5.0000,-0.6880,-0.5443
B',reference,ui,ubc,ubc,ubc,True,False,True,8.0000,4.0000,4.0000,4.0000,False,61.7961,7.0000,11,True,False,5.0000,-0.6962,-0.5362
B',mean,ui,ubc,ubc,ubc,True,False,True,8.0000,4.0000,4.0000,4.0000,False,60.6275,7.0000,11,True,False,5.0000,-0.6755,-0.5231
B',0,ui,ubc,ubc,ubc,True,False,True,8.0000,4.0000,4.0000,4.0000,False,60.6275,7.0000,11,True,False,5.0000,-0.6755,-0.5231
Q1,reference,ui,ubc,ubc,ubc,True,False,True,8.0000,4.0000,4.0000,4.0000,False,61.7961,7.0000,11,True,False,5.0000,-0.6962,-0.5362
Q1,mean,ui,ubi,ubi,ubi,True,False,False,5.0000,2.0000,4.0000,3.0000,False,49.6209,8.0000,11,True,False,7.0000,-0.6408,-0.5827
Q1,0,ui,ubi,ubi,ubi,True,False,False,5.0000,2.0000,4.0000,3.0000,False,49.1569,8.0000,11,True,False,7.0000,-0.6385,-0.5928
Q1,1,ui,ubi,ubi,sawf,True,False,False,6.0000,2.0000,4.0000,3.0000,False,49.4314,8.0000,11,True,False,7.0000,-0.6403,-0.5433
Q1,2,ui,ubi,ubi,ubi,True,False,False,5.0000,3.0000,4.0000,2.0000,False,50.2745,8.0000,11,True,False,8.0000,-0.6418,-0.6080
Q4,reference,ui,ubc,ubc,ubc,True,False,True,8.0000,4.0000,4.0000,4.0000,False,61.7961,7.0000,11,True,False,5.0000,-0.6962,-0.5362
Q4,mean,nit,ubi,ubc,ubc,False,False,True,6.0000,4.0000,4.0000,4.0000,False,55.6078,6.0000,11,False,False,5.0000,-0.7042,-0.5993
Q4,0,nit,ubi,ubc,sawf,False,False,True,6.0000,4.0000,4.0000,4.0000,False,56.6078,6.0000,11,False,False,5.0000,-0.6981,-0.6017
Q4,1,ui,sawf,ubc,ubc,True,False,True,6.0000,4.0000,4.0000,4.0000,False,54.9804,7.0000,11,True,False,5.0000,-0.7047,-0.5991
Q4,2,nit,ubi,ubc,ubc,False,False,True,6.5000,4.0000,4.0000,4.0000,False,55.2353,6.0000,11,False,False,5.0000,-0.7095,-0.5958
Q3c,reference,ui,ubc,ubc,ubc,True,False,True,7.0000,4.0000,4.0000,4.0000,False,59.9111,7.0000,11,True,False,5.0000,-0.6833,-0.5599
Q3c,mean,ui,ubc,ubc,ubc,True,False,True,8.0000,4.0000,4.0000,4.0000,False,58.1111,7.0000,11,True,False,5.0000,-0.7020,-0.5960
Q3c,0,ui,ubc,ubc,ubc,True,False,True,8.0000,4.0000,4.0000,4.0000,False,58.1111,7.0000,11,True,False,5.0000,-0.7020,-0.5960
D2,reference,ui,ubc,ubc,ubc,True,False,True,8.0000,4.0000,4.0000,4.0000,False,61.7961,7.0000,11,True,False,5.0000,-0.6962,-0.5362
D2,mean,ui,ubi,ubc,ubi,True,False,True,8.0000,3.0000,4.0000,4.0000,False,60.3333,7.0000,11,True,False,5.0000,-0.6809,-0.5543
D2,0,nit,ubi,ubc,ubc,False,False,True,8.0000,5.5000,4.0000,5.5000,False,62.0000,6.0000,11,False,False,6.5000,-0.6911,-0.4892
D2,1,ui,ubi,ubc;ubi,ubi,True,False,False,10.0000,5.0000,4.0000,6.0000,False,62.0000,6.0000,11,False,False,6.5000,-0.6939,-0.4674
D2,2,nit,ubc,ubc,ubc;ubi,False,False,True,4.5000,3.0000,4.0000,4.0000,False,65.0000,2.0000,11,False,False,4.5000,-0.7475,-0.3352
D2,3,ui,ubc;ubi,ubc,ubc,True,False,True,4.0000,3.0000,4.0000,4.0000,False,48.0000,8.0000,11,True,False,4.0000,-0.6127,-0.5431
D2,4,almp;nit;ui,ubs,ubc,ubs,False,False,True,4.5000,1.0000,2.0000,1.0000,True,60.0000,6.5000,11,True,False,2.0000,-0.5647,-0.6445
D2,5,ui,ubi,ubi,ubi,True,False,False,8.5000,5.0000,4.0000,5.0000,False,65.0000,4.5000,11,False,False,4.0000,-0.7565,-0.3603
D2,6,eitc;nit;ui,ubi,ubi,ubi,False,False,False,9.5000,2.0000,4.0000,4.0000,False,55.0000,9.0000,11,True,False,6.0000,-0.6952,-0.4007
D2,7,ui,ubc,ubc,ubc,True,False,True,5.0000,2.5000,3.0000,3.0000,False,62.0000,4.5000,11,False,False,9.5000,-0.5997,-0.5492
D2,8,nit;ui,ubi,ubc,ubi,False,False,True,9.0000,2.5000,3.5000,4.0000,False,68.0000,4.0000,11,False,False,5.5000,-0.6607,-0.7096
D2,9,ui,ubi,ubi,ubi,True,False,False,7.5000,2.0000,5.0000,4.5000,False,52.0000,8.0000,11,True,True,5.5000,-0.8064,-0.4945
D2,10,ui,ubc,ubc,ubc,True,False,True,10.0000,2.0000,3.0000,3.0000,False,50.0000,9.5000,11,True,False,7.5000,-0.4968,-0.6116
D2,11,nit,ubi,ubi,ubi,False,False,False,3.0000,2.0000,2.0000,2.0000,False,62.0000,4.5000,11,False,False,7.5000,-0.5857,-0.4877
D2,12,ui,ubi,sawf;ubi,ubi,True,False,False,4.0000,4.5000,4.0000,3.0000,False,62.0000,6.0000,11,False,False,9.0000,-0.6955,-0.5505
D2,13,almp;fjg;nit;ui,ubc;ubi;ubs,ubc,ubc,False,False,True,6.5000,2.0000,3.0000,3.0000,False,65.0000,4.5000,11,False,False,2.5000,-0.6204,-0.5414
D2,14,nit,fjg,ubc,ubc,False,False,True,2.5000,2.5000,5.0000,6.0000,False,68.0000,3.0000,11,False,False,7.0000,-0.6699,-0.5506
D2,15,ui,ubs,ubc,ubs,True,False,True,8.5000,1.0000,2.0000,1.0000,True,52.0000,8.0000,11,True,False,7.0000,-0.5824,-0.4563
D2,16,ui,ubc,ubc,ubc,True,False,True,7.0000,4.0000,4.0000,4.0000,False,58.0000,7.0000,11,True,False,9.0000,-0.5788,-0.4655
D2,17,eitc,ubi,ubc;ubi,ubi,True,False,False,8.0000,4.5000,4.0000,4.0000,False,60.0000,7.0000,11,True,False,9.0000,-0.7202,-0.3377
D2,18,nit;ui,ubs,ubc,ubc,False,False,True,9.0000,1.0000,4.0000,2.0000,True,62.0000,6.0000,11,False,False,8.0000,-0.5937,-0.5732
D2,19,fjg,ubi,ubi,ubi,False,False,False,8.5000,3.0000,4.0000,4.0000,False,50.0000,10.5000,11,True,False,6.0000,-0.7448,-0.5077
D2,20,sawf;ui,ubi;ubs,ubi,ubi,False,False,False,4.5000,1.5000,4.0000,2.0000,False,65.0000,3.5000,11,False,False,8.5000,-0.6113,-0.6224
D2,21,ui,fjg,ubc,ubi,True,False,True,5.0000,3.0000,4.0000,2.0000,False,58.0000,6.5000,11,True,False,5.0000,-0.6020,-0.6423
D2,22,ui,ubc,ubc,ubc,True,False,True,4.5000,3.5000,3.0000,3.0000,False,68.0000,3.5000,11,False,False,7.0000,-0.5504,-0.6837
D2,23,nit;ui,ubi,ubc;ubi,ubi,False,False,False,7.0000,4.5000,3.0000,4.0000,False,65.0000,5.5000,11,False,False,5.5000,-0.6781,-0.5116
D2,24,ui,ubi,ubi,ubi,True,False,False,7.0000,4.0000,4.0000,4.0000,False,58.0000,8.0000,11,True,False,5.0000,-0.6557,-0.6335
D2,25,ui,fjg,sawf,sawf,True,False,False,11.0000,5.0000,4.0000,5.0000,False,66.0000,5.0000,11,False,False,3.5000,-0.5522,-0.6730
D2,26,ui,ubi,ubc,ubs,True,False,True,8.0000,2.0000,3.0000,1.0000,True,55.0000,8.0000,11,True,False,6.0000,-0.6039,-0.4617
D2,27,ui,ubc;ubi,ubc,ubc,True,False,True,4.0000,3.0000,4.0000,4.0000,False,55.0000,8.0000,11,True,False,6.0000,-0.7885,-0.3557
D2,28,nit,ubi,ubi,ubi,False,False,False,8.0000,5.0000,3.0000,4.0000,False,55.0000,8.0000,11,True,True,4.5000,-0.7860,-0.5532
D2,29,ui,ubi,ubc,ubc,True,False,True,8.0000,6.0000,5.0000,5.0000,False,68.0000,5.0000,11,False,False,6.5000,-0.6267,-0.4623
D2,30,nit,ubc,ubc,ubc,False,False,True,4.0000,5.5000,5.0000,6.0000,False,60.0000,6.5000,11,True,False,9.0000,-0.7204,-0.5100
D2,31,ui,ubc,ubi,ubc,True,False,False,9.5000,5.0000,3.0000,5.0000,False,68.0000,5.5000,11,False,False,5.0000,-0.6583,-0.7061
D2,32,nit,ubi,ubc,ubi,False,False,True,4.0000,3.5000,4.0000,4.0000,False,65.0000,4.0000,11,False,False,9.0000,-0.6952,-0.3090
D2,33,ui,ubc,ubc,ubc,True,False,True,8.5000,3.0000,3.0000,3.0000,False,60.0000,7.0000,11,True,False,6.5000,-0.5781,-0.6207
D2,34,ui,ubc,ubc,ubc,True,False,True,4.5000,5.5000,4.5000,6.0000,False,60.0000,6.0000,11,False,False,4.5000,-0.6688,-0.4351
D2,35,ui,ubs,ubc,ubc,True,False,True,10.0000,1.0000,3.0000,3.0000,True,68.0000,4.5000,11,False,False,8.0000,-0.6001,-0.5751
D2,36,fjg;ui,ubc,ubc,ubc,False,False,True,5.5000,4.0000,4.0000,5.0000,False,60.0000,7.0000,11,True,False,5.5000,-0.6261,-0.6684
D2,37,ui,ubc,sawf,ubi,True,False,False,7.5000,2.5000,4.0000,3.0000,False,52.0000,8.0000,11,True,False,4.0000,-0.5755,-0.6686
D2,38,nit,ubc;ubi,ubi,ubi,False,False,False,8.5000,3.0000,4.0000,4.0000,False,55.0000,8.5000,11,True,False,4.0000,-0.7171,-0.4401
D2,39,nit,ubi,ubi,ubi,False,False,False,6.0000,3.0000,3.0000,3.0000,False,58.0000,8.0000,11,True,False,2.5000,-0.7459,-0.2985
D2,40,nit;ui,ubi,ubc,ubc,False,False,True,10.0000,3.0000,3.0000,3.0000,False,60.0000,5.5000,11,False,False,4.5000,-0.6387,-0.4738
D2,41,nit;ui,ubi,ubc,ubi,False,False,True,9.0000,2.0000,4.0000,4.0000,False,62.0000,6.0000,11,False,False,5.5000,-0.7305,-0.5434
D2,42,ui,ubc;ubs,ubc,ubc,True,False,True,8.5000,1.5000,3.0000,2.0000,False,68.0000,5.5000,11,False,False,4.5000,-0.5355,-0.6390
D2,43,ui,ubs,ubc,ubi,True,False,True,8.5000,1.0000,3.0000,3.0000,True,52.0000,8.0000,11,True,False,6.0000,-0.6929,-0.5906
D2,44,ui,ubi,ubi,ubi,True,False,False,9.0000,2.5000,4.0000,4.0000,False,48.0000,8.0000,11,True,False,6.5000,-0.7039,-0.4546
