cell_id,run,clause,holds,margin,b_holds,flipped
B,reference,a,True,3.0863,True,
B,mean,a,True,3.0863,True,False
B,0,a,False,-0.7451,True,True
B,1,a,True,3.0588,True,False
B,2,a,True,2.7647,True,False
B,3,a,True,5.7647,True,False
B,4,a,True,4.5882,True,False
B,reference,b,True,2.9857,True,
B,mean,b,True,2.9857,True,False
B,0,b,True,2.1136,True,False
B,1,b,True,2.7931,True,False
B,2,b,True,2.8864,True,False
B,3,b,True,3.4510,True,False
B,4,b,True,3.6843,True,False
B,reference,c,False,-12.5462,False,
B,mean,c,False,-12.5462,False,False
B,0,c,False,-12.1873,False,False
B,1,c,False,-14.8307,False,False
B,2,c,False,-11.4642,False,False
B,3,c,False,-10.5762,False,False
B,4,c,False,-13.6727,False,False
B,reference,d,True,6.2980,True,
B,mean,d,True,6.2980,True,False
B,0,d,True,6.0000,True,False
B,1,d,True,6.9020,True,False
B,2,d,True,6.3725,True,False
B,3,d,True,6.2549,True,False
B,4,d,True,5.9608,True,False
B,reference,sequence,False,-12.5462,False,
B,mean,sequence,False,-12.5462,False,False
B,0,sequence,False,-12.1873,False,False
B,1,sequence,False,-14.8307,False,False
B,2,sequence,False,-11.4642,False,False
B,3,sequence,False,-10.5762,False,False
B,4,sequence,False,-13.6727,False,False
B',reference,a,True,3.0863,True,
B',mean,a,True,7.1961,True,False
B',0,a,True,7.1961,True,False
B',reference,b,True,2.9857,True,
B',mean,b,True,2.5062,True,False
B',0,b,True,2.5062,True,False
B',reference,c,False,-12.5462,False,
B',mean,c,False,-15.2737,False,False
B',0,c,False,-15.2737,False,False
B',reference,d,True,6.2980,True,
B',mean,d,True,7.4706,True,False
B',0,d,True,7.4706,True,False
B',reference,sequence,False,-12.5462,False,
B',mean,sequence,False,-15.2737,False,False
B',0,sequence,False,-15.2737,False,False
Q1,reference,a,True,3.0863,True,
Q1,mean,a,False,-2.9673,True,True
Q1,0,a,False,-6.7451,True,True
Q1,1,a,False,-1.3333,True,True
Q1,2,a,False,-0.8235,True,True
Q1,reference,b,True,2.9857,True,
Q1,mean,b,True,0.1675,True,False
Q1,0,b,True,0.1381,True,False
Q1,1,b,True,0.3369,True,False
Q1,2,b,True,0.0276,True,False
Q1,reference,c,False,-12.5462,False,
Q1,mean,c,False,-14.3529,False,False
Q1,0,c,False,-15.4786,False,False
Q1,1,c,False,-16.3629,False,False
Q1,2,c,False,-10.9412,False,False
Q1,reference,d,True,6.2980,True,
Q1,mean,d,True,5.1307,True,False
Q1,0,d,True,5.6078,True,False
Q1,1,d,True,5.2485,True,False
Q1,2,d,True,4.2353,True,False
Q1,reference,sequence,False,-12.5462,False,
Q1,mean,sequence,False,-14.3529,False,False
Q1,0,sequence,False,-15.4786,False,False
Q1,1,sequence,False,-16.3629,False,False
Q1,2,sequence,False,-10.9412,False,False
Q4,reference,a,True,3.0863,True,
Q4,mean,a,True,5.3595,True,False
Q4,0,a,True,6.3333,True,False
Q4,1,a,True,4.1765,True,False
Q4,2,a,True,5.5686,True,False
Q4,reference,b,True,2.9857,True,
Q4,mean,b,True,4.6092,True,False
Q4,0,b,True,3.8323,True,False
Q4,1,b,True,5.4030,True,False
Q4,2,b,True,4.5922,True,False
Q4,reference,c,False,-12.5462,False,
Q4,mean,c,False,-13.3922,False,False
Q4,0,c,False,-12.6755,False,False
Q4,1,c,False,-14.5882,False,False
Q4,2,c,False,-12.7511,False,False
Q4,reference,d,True,6.2980,True,
Q4,mean,d,True,5.9608,True,False
Q4,0,d,True,4.7647,True,False
Q4,1,d,True,6.9020,True,False
Q4,2,d,True,6.2157,True,False
Q4,reference,sequence,False,-12.5462,False,
Q4,mean,sequence,False,-13.3922,False,False
Q4,0,sequence,False,-12.6755,False,False
Q4,1,sequence,False,-14.5882,False,False
Q4,2,sequence,False,-12.7511,False,False
Q3c,reference,a,True,3.4444,True,
Q3c,mean,a,True,1.6667,True,False
Q3c,0,a,True,1.6667,True,False
Q3c,reference,b,True,2.7972,True,
Q3c,mean,b,True,2.2361,True,False
Q3c,0,b,True,2.2361,True,False
Q3c,reference,c,False,-12.8139,False,
Q3c,mean,c,False,-12.7083,False,False
Q3c,0,c,False,-12.7083,False,False
Q3c,reference,d,True,5.9644,True,
Q3c,mean,d,True,7.0556,True,False
Q3c,0,d,True,7.0556,True,False
Q3c,reference,sequence,False,-12.8139,False,
Q3c,mean,sequence,False,-12.7083,False,False
Q3c,0,sequence,False,-12.7083,False,False
D2,reference,a,True,3.0863,True,
D2,mean,a,True,5.9950,True,False
D2,0,a,True,18.0000,True,False
D2,1,a,False,0.0000,True,True
D2,2,a,True,3.0000,True,False
D2,3,a,True,14.0000,True,False
D2,4,a,True,5.0000,True,False
D2,5,a,False,-8.0000,True,True
D2,6,a,False,-4.0000,True,True
D2,7,a,True,3.0000,True,False
D2,8,a,True,6.0000,True,False
D2,9,a,False,-3.0000,True,True
D2,10,a,True,29.0000,True,False
D2,11,a,False,-38.0000,True,True
D2,12,a,False,-7.0000,True,True
D2,13,a,True,18.0000,True,False
D2,14,a,True,12.0000,True,False
D2,15,a,True,5.0000,True,False
D2,16,a,True,18.0000,True,False
D2,17,a,False,0.0000,True,True
D2,18,a,True,18.0000,True,False
D2,19,a,False,-8.0000,True,True
D2,20,a,False,-6.0000,True,True
D2,21,a,True,14.0000,True,False
D2,22,a,True,5.0000,True,False
D2,23,a,False,0.0000,True,True
D2,24,a,False,-8.0000,True,True
D2,25,a,False,-3.0000,True,True
D2,26,a,True,6.0000,True,False
D2,27,a,True,5.0000,True,False
D2,28,a,False,-14.0000,True,True
D2,29,a,True,19.0000,True,False
D2,30,a,True,8.0000,True,False
D2,31,a,False,-12.0000,True,True
D2,32,a,True,9.0000,True,False
D2,33,a,True,25.0000,True,False
D2,34,a,True,19.0000,True,False
D2,35,a,True,20.0000,True,False
D2,36,a,True,2.0000,True,False
D2,37,a,False,-5.0000,True,True
D2,38,a,False,-2.0000,True,True
D2,39,a,False,-5.0000,True,True
D2,40,a,True,20.0000,True,False
D2,41,a,True,2.0000,True,False
D2,42,a,True,10.0000,True,False
D2,43,a,True,9.0000,True,False
D2,44,a,False,-7.0000,True,True
D2,reference,b,True,2.9857,True,
D2,mean,b,True,3.2535,True,False
D2,0,b,True,1.0000,True,False
D2,1,b,True,8.0000,True,False
D2,2,b,True,4.0000,True,False
D2,3,b,True,5.0000,True,False
D2,4,b,True,2.0000,True,False
D2,5,b,False,0.0000,True,True
D2,6,b,True,2.0000,True,False
D2,7,b,True,5.0000,True,False
D2,8,b,False,0.0000,True,True
D2,9,b,True,2.0000,True,False
D2,10,b,True,7.0000,True,False
D2,11,b,True,2.0000,True,False
D2,12,b,True,4.0000,True,False
D2,13,b,True,4.0000,True,False
D2,14,b,True,4.0000,True,False
D2,15,b,True,2.0000,True,False
D2,16,b,True,2.0000,True,False
D2,17,b,True,7.0000,True,False
D2,18,b,True,4.0000,True,False
D2,19,b,True,4.0000,True,False
D2,20,b,False,-1.0000,True,True
D2,21,b,True,7.0000,True,False
D2,22,b,True,3.0000,True,False
D2,23,b,True,4.0000,True,False
D2,24,b,True,7.0000,True,False
D2,25,b,False,0.0000,True,True
D2,26,b,True,4.0000,True,False
D2,27,b,False,0.0000,True,True
D2,28,b,True,7.0000,True,False
D2,29,b,True,4.0000,True,False
D2,30,b,True,2.0000,True,False
D2,31,b,True,6.0000,True,False
D2,32,b,True,2.0000,True,False
D2,33,b,True,4.0000,True,False
D2,34,b,True,4.0000,True,False
D2,35,b,True,5.0000,True,False
D2,36,b,True,5.0000,True,False
D2,37,b,True,4.0000,True,False
D2,38,b,True,4.0000,True,False
D2,39,b,False,0.0000,True,True
D2,40,b,True,4.0000,True,False
D2,41,b,True,4.0000,True,False
D2,42,b,True,1.0000,True,False
D2,43,b,True,4.0000,True,False
D2,44,b,True,2.0000,True,False
D2,reference,c,False,-12.5462,False,
D2,mean,c,False,-11.9216,False,False
D2,0,c,False,-6.0000,False,False
D2,1,c,False,-8.0000,False,False
D2,2,c,False,-10.0000,False,False
D2,3,c,False,-21.0000,False,False
D2,4,c,False,-12.0000,False,False
D2,5,c,False,-8.0000,False,False
D2,6,c,False,-24.0000,False,False
D2,7,c,False,-14.0000,False,False
D2,8,c,False,-25.0000,False,False
D2,9,c,True,3.0000,False,True
D2,10,c,False,-17.0000,False,False
D2,11,c,False,-10.0000,False,False
D2,12,c,False,-3.0000,False,False
D2,13,c,False,-13.0000,False,False
D2,14,c,True,3.0000,False,True
D2,15,c,False,-7.0000,False,False
D2,16,c,False,-18.0000,False,False
D2,17,c,False,-17.0000,False,False
D2,18,c,False,-22.0000,False,False
D2,19,c,False,-14.0000,False,False
D2,20,c,False,-25.0000,False,False
D2,21,c,False,-12.0000,False,False
D2,22,c,False,-7.0000,False,False
D2,23,c,False,-16.0000,False,False
D2,24,c,False,-15.0000,False,False
D2,25,c,False,-8.0000,False,False
D2,26,c,False,-12.0000,False,False
D2,27,c,False,-16.0000,False,False
D2,28,c,True,5.0000,False,True
D2,29,c,False,-18.0000,False,False
D2,30,c,False,-10.0000,False,False
D2,31,c,False,-10.0000,False,False
D2,32,c,False,-6.0000,False,False
D2,33,c,False,-18.0000,False,False
D2,34,c,False,-3.0000,False,False
D2,35,c,False,-15.0000,False,False
D2,36,c,False,-23.0000,False,False
D2,37,c,False,-20.0000,False,False
D2,38,c,False,-20.0000,False,False
D2,39,c,False,-14.0000,False,False
D2,40,c,False,-5.0000,False,False
D2,41,c,False,-25.0000,False,False
D2,42,c,False,-27.0000,False,False
D2,43,c,False,-10.0000,False,False
D2,44,c,False,-14.0000,False,False
D2,reference,d,True,6.2980,True,
D2,mean,d,True,2.7647,True,False
D2,0,d,False,0.0000,True,True
D2,1,d,True,4.0000,True,False
D2,2,d,True,2.0000,True,False
D2,3,d,False,-2.0000,True,True
D2,4,d,False,-2.0000,True,True
D2,5,d,False,-3.0000,True,True
D2,6,d,True,2.0000,True,False
D2,7,d,True,7.0000,True,False
D2,8,d,True,4.0000,True,False
D2,9,d,True,7.0000,True,False
D2,10,d,True,5.0000,True,False
D2,11,d,False,0.0000,True,True
D2,12,d,False,-2.0000,True,True
D2,13,d,False,-4.0000,True,True
D2,14,d,False,-8.0000,True,True
D2,15,d,True,5.0000,True,False
D2,16,d,True,2.0000,True,False
D2,17,d,True,2.0000,True,False
D2,18,d,False,0.0000,True,True
D2,19,d,False,0.0000,True,True
D2,20,d,False,0.0000,True,True
D2,21,d,True,2.0000,True,False
D2,22,d,False,0.0000,True,True
D2,23,d,False,-6.0000,True,True
D2,24,d,True,6.0000,True,False
D2,25,d,False,-4.0000,True,True
D2,26,d,False,0.0000,True,True
D2,27,d,False,0.0000,True,True
D2,28,d,False,0.0000,True,True
D2,29,d,False,0.0000,True,True
D2,30,d,True,5.0000,True,False
D2,31,d,False,0.0000,True,True
D2,32,d,True,10.0000,True,False
D2,33,d,True,7.0000,True,False
D2,34,d,False,-3.0000,True,True
D2,35,d,True,2.0000,True,False
D2,36,d,True,2.0000,True,False
D2,37,d,False,0.0000,True,True
D2,38,d,False,0.0000,True,True
D2,39,d,False,-3.0000,True,True
D2,40,d,False,0.0000,True,True
D2,41,d,False,-3.0000,True,True
D2,42,d,False,-4.0000,True,True
D2,43,d,True,2.0000,True,False
D2,44,d,True,8.0000,True,False
D2,reference,sequence,False,-12.5462,False,
D2,mean,sequence,False,-11.9216,False,False
D2,0,sequence,False,-6.0000,False,False
D2,1,sequence,False,-8.0000,False,False
D2,2,sequence,False,-10.0000,False,False
D2,3,sequence,False,-21.0000,False,False
D2,4,sequence,False,-12.0000,False,False
D2,5,sequence,False,-8.0000,False,False
D2,6,sequence,False,-24.0000,False,False
D2,7,sequence,False,-14.0000,False,False
D2,8,sequence,False,-25.0000,False,False
D2,9,sequence,False,-3.0000,False,False
D2,10,sequence,False,-17.0000,False,False
D2,11,sequence,False,-38.0000,False,False
D2,12,sequence,False,-7.0000,False,False
D2,13,sequence,False,-13.0000,False,False
D2,14,sequence,False,-8.0000,False,False
D2,15,sequence,False,-7.0000,False,False
D2,16,sequence,False,-18.0000,False,False
D2,17,sequence,False,-17.0000,False,False
D2,18,sequence,False,-22.0000,False,False
D2,19,sequence,False,-14.0000,False,False
D2,20,sequence,False,-25.0000,False,False
D2,21,sequence,False,-12.0000,False,False
D2,22,sequence,False,-7.0000,False,False
D2,23,sequence,False,-16.0000,False,False
D2,24,sequence,False,-15.0000,False,False
D2,25,sequence,False,-8.0000,False,False
D2,26,sequence,False,-12.0000,False,False
D2,27,sequence,False,-16.0000,False,False
D2,28,sequence,False,-14.0000,False,False
D2,29,sequence,False,-18.0000,False,False
D2,30,sequence,False,-10.0000,False,False
D2,31,sequence,False,-12.0000,False,False
D2,32,sequence,False,-6.0000,False,False
D2,33,sequence,False,-18.0000,False,False
D2,34,sequence,False,-3.0000,False,False
D2,35,sequence,False,-15.0000,False,False
D2,36,sequence,False,-23.0000,False,False
D2,37,sequence,False,-20.0000,False,False
D2,38,sequence,False,-20.0000,False,False
D2,39,sequence,False,-14.0000,False,False
D2,40,sequence,False,-5.0000,False,False
D2,41,sequence,False,-25.0000,False,False
D2,42,sequence,False,-27.0000,False,False
D2,43,sequence,False,-10.0000,False,False
D2,44,sequence,False,-14.0000,False,False
