cell_id,run,gap,ubc_ownership,sawf_ownership,b_gap,change_vs_b
B,reference,2.9857,90.0510,87.0653,2.9857,
B,mean,2.9857,90.0510,87.0653,2.9857,0.0000
B,0,2.1136,89.2157,87.1020,2.9857,-0.8720
B,1,2.7931,90.5686,87.7755,2.9857,-0.1926
B,2,2.8864,89.7843,86.8980,2.9857,-0.0993
B,3,3.4510,90.4510,87.0000,2.9857,0.4653
B,4,3.6843,90.2353,86.5510,2.9857,0.6986
B',reference,2.9857,90.0510,87.0653,2.9857,
B',mean,2.5062,90.0980,87.5918,2.9857,-0.4795
B',0,2.5062,90.0980,87.5918,2.9857,-0.4795
Q1,reference,2.9857,90.0510,87.0653,2.9857,
Q1,mean,0.1675,88.2288,88.0612,2.9857,-2.8181
Q1,0,0.1381,88.1176,87.9796,2.9857,-2.8476
Q1,1,0.3369,88.7451,88.4082,2.9857,-2.6487
Q1,2,0.0276,87.8235,87.7959,2.9857,-2.9581
Q4,reference,2.9857,90.0510,87.0653,2.9857,
Q4,mean,4.6092,89.5752,84.9660,2.9857,1.6235
Q4,0,3.8323,89.6078,85.7755,2.9857,0.8467
Q4,1,5.4030,89.6275,84.2245,2.9857,2.4173
Q4,2,4.5922,89.4902,84.8980,2.9857,1.6066
Q3c,reference,2.7972,89.6222,86.8250,2.7972,
Q3c,mean,2.2361,89.1111,86.8750,2.7972,-0.5611
Q3c,0,2.2361,89.1111,86.8750,2.7972,-0.5611
D2,reference,2.9857,90.0510,87.0653,2.9857,
D2,mean,3.2535,91.5800,88.3265,2.9857,0.2678
D2,0,1.0000,93.0000,92.0000,2.9857,-1.9857
D2,1,8.0000,93.0000,85.0000,2.9857,5.0143
D2,2,4.0000,92.0000,88.0000,2.9857,1.0143
D2,3,5.0000,93.0000,88.0000,2.9857,2.0143
D2,4,2.0000,90.0000,88.0000,2.9857,-0.9857
D2,5,0.0000,88.0000,88.0000,2.9857,-2.9857
D2,6,2.0000,92.0000,90.0000,2.9857,-0.9857
D2,7,5.0000,93.0000,88.0000,2.9857,2.0143
D2,8,0.0000,88.0000,88.0000,2.9857,-2.9857
D2,9,2.0000,90.0000,88.0000,2.9857,-0.9857
D2,10,7.0000,93.0000,86.0000,2.9857,4.0143
D2,11,2.0000,90.0000,88.0000,2.9857,-0.9857
D2,12,4.0000,92.0000,88.0000,2.9857,1.0143
D2,13,4.0000,92.0000,88.0000,2.9857,1.0143
D2,14,4.0000,92.0000,88.0000,2.9857,1.0143
D2,15,2.0000,90.0000,88.0000,2.9857,-0.9857
D2,16,2.0000,90.0000,88.0000,2.9857,-0.9857
D2,17,7.0000,92.0000,85.0000,2.9857,4.0143
D2,18,4.0000,92.0000,88.0000,2.9857,1.0143
D2,19,4.0000,92.0000,88.0000,2.9857,1.0143
D2,20,-1.0000,92.0000,93.0000,2.9857,-3.9857
D2,21,7.0000,95.0000,88.0000,2.9857,4.0143
D2,22,3.0000,93.0000,90.0000,2.9857,0.0143
D2,23,4.0000,92.0000,88.0000,2.9857,1.0143
D2,24,7.0000,92.0000,85.0000,2.9857,4.0143
D2,25,0.0000,90.0000,90.0000,2.9857,-2.9857
D2,26,4.0000,92.0000,88.0000,2.9857,1.0143
D2,27,0.0000,90.0000,90.0000,2.9857,-2.9857
D2,28,7.0000,93.0000,86.0000,2.9857,4.0143
D2,29,4.0000,92.0000,88.0000,2.9857,1.0143
D2,30,2.0000,90.0000,88.0000,2.9857,-0.9857
D2,31,6.0000,94.0000,88.0000,2.9857,3.0143
D2,32,2.0000,90.0000,88.0000,2.9857,-0.9857
D2,33,4.0000,92.0000,88.0000,2.9857,1.0143
D2,34,4.0000,92.0000,88.0000,2.9857,1.0143
D2,35,5.0000,93.0000,88.0000,2.9857,2.0143
D2,36,5.0000,93.0000,88.0000,2.9857,2.0143
D2,37,4.0000,92.0000,88.0000,2.9857,1.0143
D2,38,4.0000,92.0000,88.0000,2.9857,1.0143
D2,39,0.0000,90.0000,90.0000,2.9857,-2.9857
D2,40,4.0000,92.0000,88.0000,2.9857,1.0143
D2,41,4.0000,92.0000,88.0000,2.9857,1.0143
D2,42,1.0000,93.0000,92.0000,2.9857,-1.9857
D2,43,4.0000,92.0000,88.0000,2.9857,1.0143
D2,44,2.0000,90.0000,88.0000,2.9857,-0.9857
