order,depth,candidate,change,target_rank,rank_drop,top_to_bottom,winner,n_edits,prompt_chars,prompts_changed,personas,target_mean,failed_jobs
1,1,w_household,"""a household-facing economic policy"" -> ""a household-level economic policy""",2.0,1.0,no,no,1,6,55,5,63.6,0
2,1,w_could_help,"""that could help the United States"" -> ""that might help the United States""",2.0,1.0,no,no,1,5,55,5,64.8,0
3,1,w_agi,"""artificial general intelligence (AGI)."" -> ""artificial general intelligence.""",2.0,1.0,no,no,1,6,55,5,62.4,0
4,1,w_higher_better,"""does better on that criterion"" -> ""performs better on that criterion""",3.0,2.0,no,no,1,7,55,5,62.0,0
5,1,w_rationale,"""Give a one-sentence rationale"" -> ""Give a brief rationale""",1.0,0.0,no,no,1,12,55,5,61.8,0
6,1,e_drop_last,target packet: drop the last excerpt,3.0,2.0,no,no,1,196,5,5,55.2,0
7,1,e_drop_first,target packet: drop the first excerpt,2.0,1.0,no,no,1,608,5,5,58.0,0
8,1,e_reverse,target packet: excerpts in reverse order,3.0,2.0,no,no,1,4608,5,5,53.0,0
9,1,e_keep_first_half,target packet: keep the first half of the excerpts (rounded up),1.0,0.0,no,no,1,1867,5,5,60.2,0
10,1,p_drop_top,drop the search-panel persona most favourable to the target,2.0,1.0,no,no,1,0,0,4,55.2,0
11,1,t_0,temperature 0,2.0,1.0,no,no,1,0,0,5,61.4,0
12,1,t_1,temperature 1,2.0,1.0,no,no,1,0,0,5,57.0,1
13,1,c_reverse,criteria in reverse order,1.0,0.0,no,no,1,2852,55,5,79.8,0
14,1,c_primary_first,primary composite's criteria listed first,1.0,0.0,no,no,1,2852,55,5,78.8,0
15,2,w_higher_better+w_household,"""does better on that criterion"" -> ""performs better on that criterion""; ""a household-facing economic policy"" -> ""a household-level economic policy""",1.0,0.0,no,no,2,13,55,5,59.8,0
16,2,w_higher_better+w_could_help,"""does better on that criterion"" -> ""performs better on that criterion""; ""that could help the United States"" -> ""that might help the United States""",2.0,1.0,no,no,2,12,55,5,64.0,0
17,2,w_higher_better+w_agi,"""does better on that criterion"" -> ""performs better on that criterion""; ""artificial general intelligence (AGI)."" -> ""artificial general intelligence.""",2.0,1.0,no,no,2,13,55,5,62.2,0
18,2,w_higher_better+w_rationale,"""does better on that criterion"" -> ""performs better on that criterion""; ""Give a one-sentence rationale"" -> ""Give a brief rationale""",1.0,0.0,no,no,2,19,55,5,65.2,0
19,2,w_higher_better+e_drop_last,"""does better on that criterion"" -> ""performs better on that criterion""; target packet: drop the last excerpt",3.0,2.0,no,no,2,203,55,5,59.6,0
20,2,w_higher_better+e_drop_first,"""does better on that criterion"" -> ""performs better on that criterion""; target packet: drop the first excerpt",1.0,0.0,no,no,2,615,55,5,71.0,0
21,2,w_higher_better+e_reverse,"""does better on that criterion"" -> ""performs better on that criterion""; target packet: excerpts in reverse order",3.0,2.0,no,no,2,4615,55,5,59.6,0
22,2,w_higher_better+e_keep_first_half,"""does better on that criterion"" -> ""performs better on that criterion""; target packet: keep the first half of the excerpts (rounded up)",3.0,2.0,no,no,2,1874,55,5,64.2,0
23,2,w_higher_better+p_drop_top,"""does better on that criterion"" -> ""performs better on that criterion""; drop the search-panel persona most favourable to the target",3.0,2.0,no,no,2,7,55,4,61.2,0
24,2,w_higher_better+t_0,"""does better on that criterion"" -> ""performs better on that criterion""; temperature 0",1.0,0.0,no,no,2,7,55,5,65.0,0
25,2,w_higher_better+t_1,"""does better on that criterion"" -> ""performs better on that criterion""; temperature 1",2.0,1.0,no,no,2,7,55,5,62.2,0
26,2,w_higher_better+c_reverse,"""does better on that criterion"" -> ""performs better on that criterion""; criteria in reverse order",1.0,0.0,no,no,2,2859,55,5,82.4,0
27,2,w_higher_better+c_primary_first,"""does better on that criterion"" -> ""performs better on that criterion""; primary composite's criteria listed first",1.0,0.0,no,no,2,2859,55,5,78.8,0
