aggregation,composite,kind,n,min,median,max
mean,standards_of_living,pairwise,10,0.8909,0.9636,1.0000
mean,meaning_human_value,pairwise,10,0.8909,0.9273,0.9636
mean,macro_stabilisation,pairwise,10,0.9273,0.9636,1.0000
mean,economic_agency_mobility,pairwise,10,0.8909,0.9455,1.0000
mean,ownership_of_gains,pairwise,10,0.8545,0.9273,0.9636
mean,democratic_voice,pairwise,10,0.9273,0.9636,1.0000
mean,economic_feasibility,pairwise,10,0.9273,0.9636,1.0000
mean,implementation_readiness,pairwise,10,0.8545,0.9273,0.9636
mean,mild_disruption,pairwise,10,0.8909,0.9636,1.0000
mean,moderate_disruption,pairwise,10,0.8808,0.9091,1.0000
mean,full_transformation,pairwise,10,0.9636,1.0000,1.0000
mean,welfare_resilience,pairwise,10,0.9636,1.0000,1.0000
mean,agency_voice,pairwise,10,0.9636,0.9636,1.0000
mean,feasibility,pairwise,10,0.9636,0.9636,1.0000
mean,scenario_durability,pairwise,10,0.8909,0.9636,1.0000
mean,standards_of_living,split_k1,5,0.9273,0.9636,0.9636
mean,meaning_human_value,split_k1,5,0.9273,0.9273,0.9636
mean,macro_stabilisation,split_k1,5,0.9636,1.0000,1.0000
mean,economic_agency_mobility,split_k1,5,0.9273,0.9636,1.0000
mean,ownership_of_gains,split_k1,5,0.8909,0.9273,0.9636
mean,democratic_voice,split_k1,5,0.9273,0.9636,0.9636
mean,economic_feasibility,split_k1,5,0.9636,0.9636,1.0000
mean,implementation_readiness,split_k1,5,0.9273,0.9636,0.9636
mean,mild_disruption,split_k1,5,0.9273,0.9636,0.9636
mean,moderate_disruption,split_k1,5,0.8808,0.8909,0.8909
mean,full_transformation,split_k1,5,0.9636,1.0000,1.0000
mean,welfare_resilience,split_k1,5,0.9636,1.0000,1.0000
mean,agency_voice,split_k1,5,0.9636,1.0000,1.0000
mean,feasibility,split_k1,5,0.9636,1.0000,1.0000
mean,scenario_durability,split_k1,5,0.9273,0.9636,1.0000
mean,standards_of_living,split_k3,10,0.9273,0.9636,1.0000
mean,meaning_human_value,split_k3,10,0.9273,0.9636,0.9636
mean,macro_stabilisation,split_k3,10,0.9273,0.9636,1.0000
mean,economic_agency_mobility,split_k3,10,0.9273,0.9636,1.0000
mean,ownership_of_gains,split_k3,10,0.9273,0.9273,0.9636
mean,democratic_voice,split_k3,10,0.9636,0.9636,0.9636
mean,economic_feasibility,split_k3,10,0.9636,0.9818,1.0000
mean,implementation_readiness,split_k3,10,0.9273,0.9455,1.0000
mean,mild_disruption,split_k3,10,0.8909,0.9636,1.0000
mean,moderate_disruption,split_k3,10,0.8545,0.8909,0.9273
mean,full_transformation,split_k3,10,1.0000,1.0000,1.0000
mean,welfare_resilience,split_k3,10,0.9636,1.0000,1.0000
mean,agency_voice,split_k3,10,0.9636,1.0000,1.0000
mean,feasibility,split_k3,10,0.9636,0.9818,1.0000
mean,scenario_durability,split_k3,10,0.9636,1.0000,1.0000
median,standards_of_living,pairwise,10,0.8893,0.9492,0.9802
median,meaning_human_value,pairwise,10,0.9191,0.9418,0.9715
median,macro_stabilisation,pairwise,10,0.9147,0.9613,0.9907
median,economic_agency_mobility,pairwise,10,0.9040,0.9463,0.9903
median,ownership_of_gains,pairwise,10,0.9311,0.9802,1.0000
median,democratic_voice,pairwise,10,0.9346,0.9526,0.9815
median,economic_feasibility,pairwise,10,0.9346,0.9528,0.9720
median,implementation_readiness,pairwise,10,0.9346,0.9764,1.0000
median,mild_disruption,pairwise,10,0.9137,0.9568,1.0000
median,moderate_disruption,pairwise,10,0.9414,0.9806,1.0000
median,full_transformation,pairwise,10,0.9816,0.9909,1.0000
median,welfare_resilience,pairwise,10,0.9815,0.9909,1.0000
median,agency_voice,pairwise,10,0.9175,0.9636,1.0000
median,feasibility,pairwise,10,0.9273,0.9636,1.0000
median,scenario_durability,pairwise,10,0.9076,0.9494,1.0000
median,standards_of_living,split_k1,5,0.9127,0.9519,0.9718
median,meaning_human_value,split_k1,5,0.9244,0.9630,0.9816
median,macro_stabilisation,split_k1,5,0.9252,0.9723,0.9816
median,economic_agency_mobility,split_k1,5,0.9446,0.9630,0.9723
median,ownership_of_gains,split_k1,5,0.9311,0.9608,0.9608
median,democratic_voice,split_k1,5,0.9076,0.9446,0.9630
median,economic_feasibility,split_k1,5,0.9446,0.9720,0.9816
median,implementation_readiness,split_k1,5,0.9446,0.9909,0.9909
median,mild_disruption,split_k1,5,0.9526,0.9630,0.9907
median,moderate_disruption,split_k1,5,0.9414,0.9903,1.0000
median,full_transformation,split_k1,5,0.9816,0.9909,0.9909
median,welfare_resilience,split_k1,5,0.9909,1.0000,1.0000
median,agency_voice,split_k1,5,0.9273,0.9636,0.9909
median,feasibility,split_k1,5,0.9636,0.9909,1.0000
median,scenario_durability,split_k1,5,0.9446,0.9636,1.0000
median,standards_of_living,split_k3,10,0.9334,0.9617,0.9718
median,meaning_human_value,split_k3,10,0.9723,0.9816,1.0000
median,macro_stabilisation,split_k3,10,0.9535,0.9816,0.9909
median,economic_agency_mobility,split_k3,10,0.9444,0.9816,1.0000
median,ownership_of_gains,split_k3,10,0.9311,0.9602,0.9608
median,democratic_voice,split_k3,10,0.9175,0.9273,0.9542
median,economic_feasibility,split_k3,10,0.9636,0.9863,0.9909
median,implementation_readiness,split_k3,10,0.9542,0.9909,1.0000
median,mild_disruption,split_k3,10,0.9526,0.9860,1.0000
median,moderate_disruption,split_k3,10,0.9515,1.0000,1.0000
median,full_transformation,split_k3,10,0.9909,0.9909,0.9909
median,welfare_resilience,split_k3,10,1.0000,1.0000,1.0000
median,agency_voice,split_k3,10,0.9636,0.9636,0.9909
median,feasibility,split_k3,10,0.9909,1.0000,1.0000
median,scenario_durability,split_k3,10,0.9175,1.0000,1.0000
trimmed_mean_10,standards_of_living,pairwise,10,0.8909,0.9636,1.0000
trimmed_mean_10,meaning_human_value,pairwise,10,0.8909,0.9273,0.9636
trimmed_mean_10,macro_stabilisation,pairwise,10,0.9273,0.9636,1.0000
trimmed_mean_10,economic_agency_mobility,pairwise,10,0.8909,0.9273,0.9636
trimmed_mean_10,ownership_of_gains,pairwise,10,0.8545,0.8909,1.0000
trimmed_mean_10,democratic_voice,pairwise,10,0.9273,0.9636,1.0000
trimmed_mean_10,economic_feasibility,pairwise,10,0.9273,0.9636,1.0000
trimmed_mean_10,implementation_readiness,pairwise,10,0.8545,0.9273,0.9636
trimmed_mean_10,mild_disruption,pairwise,10,0.8909,0.9273,1.0000
trimmed_mean_10,moderate_disruption,pairwise,10,0.9175,0.9273,1.0000
trimmed_mean_10,full_transformation,pairwise,10,1.0000,1.0000,1.0000
trimmed_mean_10,welfare_resilience,pairwise,10,0.9636,1.0000,1.0000
trimmed_mean_10,agency_voice,pairwise,10,0.9636,1.0000,1.0000
trimmed_mean_10,feasibility,pairwise,10,0.9273,0.9636,1.0000
trimmed_mean_10,scenario_durability,pairwise,10,0.8909,0.9636,1.0000
trimmed_mean_10,standards_of_living,split_k1,5,0.9273,0.9636,1.0000
trimmed_mean_10,meaning_human_value,split_k1,5,0.9273,0.9273,0.9636
trimmed_mean_10,macro_stabilisation,split_k1,5,0.9636,1.0000,1.0000
trimmed_mean_10,economic_agency_mobility,split_k1,5,0.9273,0.9636,0.9636
trimmed_mean_10,ownership_of_gains,split_k1,5,0.8909,0.8909,0.9273
trimmed_mean_10,democratic_voice,split_k1,5,0.9273,0.9636,0.9636
trimmed_mean_10,economic_feasibility,split_k1,5,0.9273,1.0000,1.0000
trimmed_mean_10,implementation_readiness,split_k1,5,0.9273,0.9273,0.9909
trimmed_mean_10,mild_disruption,split_k1,5,0.9273,0.9636,1.0000
trimmed_mean_10,moderate_disruption,split_k1,5,0.8909,0.9273,0.9273
trimmed_mean_10,full_transformation,split_k1,5,1.0000,1.0000,1.0000
trimmed_mean_10,welfare_resilience,split_k1,5,0.9636,1.0000,1.0000
trimmed_mean_10,agency_voice,split_k1,5,0.9636,1.0000,1.0000
trimmed_mean_10,feasibility,split_k1,5,0.9636,1.0000,1.0000
trimmed_mean_10,scenario_durability,split_k1,5,0.9273,1.0000,1.0000
trimmed_mean_10,standards_of_living,split_k3,10,0.9273,0.9636,1.0000
trimmed_mean_10,meaning_human_value,split_k3,10,0.9273,0.9636,1.0000
trimmed_mean_10,macro_stabilisation,split_k3,10,0.9273,0.9954,1.0000
trimmed_mean_10,economic_agency_mobility,split_k3,10,0.9636,0.9636,1.0000
trimmed_mean_10,ownership_of_gains,split_k3,10,0.8909,0.9273,0.9909
trimmed_mean_10,democratic_voice,split_k3,10,0.9273,0.9636,1.0000
trimmed_mean_10,economic_feasibility,split_k3,10,0.9636,1.0000,1.0000
trimmed_mean_10,implementation_readiness,split_k3,10,0.9273,0.9636,1.0000
trimmed_mean_10,mild_disruption,split_k3,10,0.9273,1.0000,1.0000
trimmed_mean_10,moderate_disruption,split_k3,10,0.8909,0.9273,0.9636
trimmed_mean_10,full_transformation,split_k3,10,1.0000,1.0000,1.0000
trimmed_mean_10,welfare_resilience,split_k3,10,0.9636,0.9954,1.0000
trimmed_mean_10,agency_voice,split_k3,10,0.9636,1.0000,1.0000
trimmed_mean_10,feasibility,split_k3,10,0.9636,1.0000,1.0000
trimmed_mean_10,scenario_durability,split_k3,10,0.9636,1.0000,1.0000
