cell_id,composite,aggregation_a,aggregation_b,tau
B,standards_of_living,mean,median,0.9542
B,meaning_human_value,mean,median,1.0000
B,macro_stabilisation,mean,median,1.0000
B,economic_agency_mobility,mean,median,1.0000
B,ownership_of_gains,mean,median,0.8602
B,democratic_voice,mean,median,0.9909
B,economic_feasibility,mean,median,0.9636
B,implementation_readiness,mean,median,1.0000
B,mild_disruption,mean,median,0.9909
B,moderate_disruption,mean,median,0.9723
B,full_transformation,mean,median,1.0000
B,welfare_resilience,mean,median,1.0000
B,agency_voice,mean,median,1.0000
B,feasibility,mean,median,1.0000
B,scenario_durability,mean,median,1.0000
B,standards_of_living,mean,trimmed_mean_10,0.9636
B,meaning_human_value,mean,trimmed_mean_10,1.0000
B,macro_stabilisation,mean,trimmed_mean_10,1.0000
B,economic_agency_mobility,mean,trimmed_mean_10,1.0000
B,ownership_of_gains,mean,trimmed_mean_10,0.9636
B,democratic_voice,mean,trimmed_mean_10,1.0000
B,economic_feasibility,mean,trimmed_mean_10,1.0000
B,implementation_readiness,mean,trimmed_mean_10,1.0000
B,mild_disruption,mean,trimmed_mean_10,1.0000
B,moderate_disruption,mean,trimmed_mean_10,0.9542
B,full_transformation,mean,trimmed_mean_10,1.0000
B,welfare_resilience,mean,trimmed_mean_10,1.0000
B,agency_voice,mean,trimmed_mean_10,1.0000
B,feasibility,mean,trimmed_mean_10,1.0000
B,scenario_durability,mean,trimmed_mean_10,1.0000
B,standards_of_living,median,trimmed_mean_10,0.9909
B,meaning_human_value,median,trimmed_mean_10,1.0000
B,macro_stabilisation,median,trimmed_mean_10,1.0000
B,economic_agency_mobility,median,trimmed_mean_10,1.0000
B,ownership_of_gains,median,trimmed_mean_10,0.8975
B,democratic_voice,median,trimmed_mean_10,0.9909
B,economic_feasibility,median,trimmed_mean_10,0.9636
B,implementation_readiness,median,trimmed_mean_10,1.0000
B,mild_disruption,median,trimmed_mean_10,0.9909
B,moderate_disruption,median,trimmed_mean_10,0.9813
B,full_transformation,median,trimmed_mean_10,1.0000
B,welfare_resilience,median,trimmed_mean_10,1.0000
B,agency_voice,median,trimmed_mean_10,1.0000
B,feasibility,median,trimmed_mean_10,1.0000
B,scenario_durability,median,trimmed_mean_10,1.0000
B',standards_of_living,mean,median,0.9535
B',meaning_human_value,mean,median,0.9630
B',macro_stabilisation,mean,median,0.9723
B',economic_agency_mobility,mean,median,0.9244
B',ownership_of_gains,mean,median,0.9630
B',democratic_voice,mean,median,0.9909
B',economic_feasibility,mean,median,0.9909
B',implementation_readiness,mean,median,0.9542
B',mild_disruption,mean,median,0.9446
B',moderate_disruption,mean,median,0.9816
B',full_transformation,mean,median,0.9909
B',welfare_resilience,mean,median,0.9542
B',agency_voice,mean,median,1.0000
B',feasibility,mean,median,1.0000
B',scenario_durability,mean,median,0.9175
B',standards_of_living,mean,trimmed_mean_10,0.9636
B',meaning_human_value,mean,trimmed_mean_10,1.0000
B',macro_stabilisation,mean,trimmed_mean_10,1.0000
B',economic_agency_mobility,mean,trimmed_mean_10,0.9636
B',ownership_of_gains,mean,trimmed_mean_10,1.0000
B',democratic_voice,mean,trimmed_mean_10,1.0000
B',economic_feasibility,mean,trimmed_mean_10,0.9909
B',implementation_readiness,mean,trimmed_mean_10,1.0000
B',mild_disruption,mean,trimmed_mean_10,0.9636
B',moderate_disruption,mean,trimmed_mean_10,1.0000
B',full_transformation,mean,trimmed_mean_10,1.0000
B',welfare_resilience,mean,trimmed_mean_10,0.9636
B',agency_voice,mean,trimmed_mean_10,1.0000
B',feasibility,mean,trimmed_mean_10,1.0000
B',scenario_durability,mean,trimmed_mean_10,1.0000
B',standards_of_living,median,trimmed_mean_10,0.9153
B',meaning_human_value,median,trimmed_mean_10,0.9630
B',macro_stabilisation,median,trimmed_mean_10,0.9723
B',economic_agency_mobility,median,trimmed_mean_10,0.9244
B',ownership_of_gains,median,trimmed_mean_10,0.9630
B',democratic_voice,median,trimmed_mean_10,0.9909
B',economic_feasibility,median,trimmed_mean_10,1.0000
B',implementation_readiness,median,trimmed_mean_10,0.9542
B',mild_disruption,median,trimmed_mean_10,0.9816
B',moderate_disruption,median,trimmed_mean_10,0.9816
B',full_transformation,median,trimmed_mean_10,0.9909
B',welfare_resilience,median,trimmed_mean_10,0.9909
B',agency_voice,median,trimmed_mean_10,1.0000
B',feasibility,median,trimmed_mean_10,1.0000
B',scenario_durability,median,trimmed_mean_10,0.9175
Q1,standards_of_living,mean,median,0.9542
Q1,meaning_human_value,mean,median,0.9816
Q1,macro_stabilisation,mean,median,1.0000
Q1,economic_agency_mobility,mean,median,0.8808
Q1,ownership_of_gains,mean,median,0.9244
Q1,democratic_voice,mean,median,0.9542
Q1,economic_feasibility,mean,median,0.9909
Q1,implementation_readiness,mean,median,0.9636
Q1,mild_disruption,mean,median,0.9542
Q1,moderate_disruption,mean,median,0.9636
Q1,full_transformation,mean,median,0.9909
Q1,welfare_resilience,mean,median,1.0000
Q1,agency_voice,mean,median,1.0000
Q1,feasibility,mean,median,1.0000
Q1,scenario_durability,mean,median,1.0000
Q1,standards_of_living,mean,trimmed_mean_10,1.0000
Q1,meaning_human_value,mean,trimmed_mean_10,0.9636
Q1,macro_stabilisation,mean,trimmed_mean_10,1.0000
Q1,economic_agency_mobility,mean,trimmed_mean_10,0.9273
Q1,ownership_of_gains,mean,trimmed_mean_10,1.0000
Q1,democratic_voice,mean,trimmed_mean_10,1.0000
Q1,economic_feasibility,mean,trimmed_mean_10,1.0000
Q1,implementation_readiness,mean,trimmed_mean_10,1.0000
Q1,mild_disruption,mean,trimmed_mean_10,0.9636
Q1,moderate_disruption,mean,trimmed_mean_10,0.9636
Q1,full_transformation,mean,trimmed_mean_10,1.0000
Q1,welfare_resilience,mean,trimmed_mean_10,1.0000
Q1,agency_voice,mean,trimmed_mean_10,1.0000
Q1,feasibility,mean,trimmed_mean_10,1.0000
Q1,scenario_durability,mean,trimmed_mean_10,1.0000
Q1,standards_of_living,median,trimmed_mean_10,0.9542
Q1,meaning_human_value,median,trimmed_mean_10,0.9816
Q1,macro_stabilisation,median,trimmed_mean_10,1.0000
Q1,economic_agency_mobility,median,trimmed_mean_10,0.9542
Q1,ownership_of_gains,median,trimmed_mean_10,0.9244
Q1,democratic_voice,median,trimmed_mean_10,0.9542
Q1,economic_feasibility,median,trimmed_mean_10,0.9909
Q1,implementation_readiness,median,trimmed_mean_10,0.9636
Q1,mild_disruption,median,trimmed_mean_10,0.9909
Q1,moderate_disruption,median,trimmed_mean_10,1.0000
Q1,full_transformation,median,trimmed_mean_10,0.9909
Q1,welfare_resilience,median,trimmed_mean_10,1.0000
Q1,agency_voice,median,trimmed_mean_10,1.0000
Q1,feasibility,median,trimmed_mean_10,1.0000
Q1,scenario_durability,median,trimmed_mean_10,1.0000
Q4,standards_of_living,mean,median,0.9816
Q4,meaning_human_value,mean,median,0.9816
Q4,macro_stabilisation,mean,median,0.9535
Q4,economic_agency_mobility,mean,median,0.9909
Q4,ownership_of_gains,mean,median,0.9723
Q4,democratic_voice,mean,median,0.9909
Q4,economic_feasibility,mean,median,1.0000
Q4,implementation_readiness,mean,median,0.9175
Q4,mild_disruption,mean,median,0.9909
Q4,moderate_disruption,mean,median,0.9909
Q4,full_transformation,mean,median,0.9542
Q4,welfare_resilience,mean,median,1.0000
Q4,agency_voice,mean,median,1.0000
Q4,feasibility,mean,median,1.0000
Q4,scenario_durability,mean,median,0.9636
Q4,standards_of_living,mean,trimmed_mean_10,1.0000
Q4,meaning_human_value,mean,trimmed_mean_10,1.0000
Q4,macro_stabilisation,mean,trimmed_mean_10,1.0000
Q4,economic_agency_mobility,mean,trimmed_mean_10,1.0000
Q4,ownership_of_gains,mean,trimmed_mean_10,1.0000
Q4,democratic_voice,mean,trimmed_mean_10,1.0000
Q4,economic_feasibility,mean,trimmed_mean_10,1.0000
Q4,implementation_readiness,mean,trimmed_mean_10,1.0000
Q4,mild_disruption,mean,trimmed_mean_10,1.0000
Q4,moderate_disruption,mean,trimmed_mean_10,1.0000
Q4,full_transformation,mean,trimmed_mean_10,0.9636
Q4,welfare_resilience,mean,trimmed_mean_10,1.0000
Q4,agency_voice,mean,trimmed_mean_10,1.0000
Q4,feasibility,mean,trimmed_mean_10,1.0000
Q4,scenario_durability,mean,trimmed_mean_10,1.0000
Q4,standards_of_living,median,trimmed_mean_10,0.9816
Q4,meaning_human_value,median,trimmed_mean_10,0.9816
Q4,macro_stabilisation,median,trimmed_mean_10,0.9535
Q4,economic_agency_mobility,median,trimmed_mean_10,0.9909
Q4,ownership_of_gains,median,trimmed_mean_10,0.9723
Q4,democratic_voice,median,trimmed_mean_10,0.9909
Q4,economic_feasibility,median,trimmed_mean_10,1.0000
Q4,implementation_readiness,median,trimmed_mean_10,0.9175
Q4,mild_disruption,median,trimmed_mean_10,0.9909
Q4,moderate_disruption,median,trimmed_mean_10,0.9909
Q4,full_transformation,median,trimmed_mean_10,0.9909
Q4,welfare_resilience,median,trimmed_mean_10,1.0000
Q4,agency_voice,median,trimmed_mean_10,1.0000
Q4,feasibility,median,trimmed_mean_10,1.0000
Q4,scenario_durability,median,trimmed_mean_10,0.9636
Q3c,standards_of_living,mean,median,0.9723
Q3c,meaning_human_value,mean,median,0.8705
Q3c,macro_stabilisation,mean,median,0.9252
Q3c,economic_agency_mobility,mean,median,0.9813
Q3c,ownership_of_gains,mean,median,0.9535
Q3c,democratic_voice,mean,median,0.9349
Q3c,economic_feasibility,mean,median,0.9909
Q3c,implementation_readiness,mean,median,0.9346
Q3c,mild_disruption,mean,median,0.9630
Q3c,moderate_disruption,mean,median,0.9542
Q3c,full_transformation,mean,median,0.9636
Q3c,welfare_resilience,mean,median,0.9542
Q3c,agency_voice,mean,median,1.0000
Q3c,feasibility,mean,median,0.9542
Q3c,scenario_durability,mean,median,0.9076
Q3c,standards_of_living,mean,trimmed_mean_10,1.0000
Q3c,meaning_human_value,mean,trimmed_mean_10,0.9273
Q3c,macro_stabilisation,mean,trimmed_mean_10,0.9636
Q3c,economic_agency_mobility,mean,trimmed_mean_10,1.0000
Q3c,ownership_of_gains,mean,trimmed_mean_10,1.0000
Q3c,democratic_voice,mean,trimmed_mean_10,1.0000
Q3c,economic_feasibility,mean,trimmed_mean_10,1.0000
Q3c,implementation_readiness,mean,trimmed_mean_10,1.0000
Q3c,mild_disruption,mean,trimmed_mean_10,1.0000
Q3c,moderate_disruption,mean,trimmed_mean_10,1.0000
Q3c,full_transformation,mean,trimmed_mean_10,1.0000
Q3c,welfare_resilience,mean,trimmed_mean_10,1.0000
Q3c,agency_voice,mean,trimmed_mean_10,1.0000
Q3c,feasibility,mean,trimmed_mean_10,1.0000
Q3c,scenario_durability,mean,trimmed_mean_10,1.0000
Q3c,standards_of_living,median,trimmed_mean_10,0.9723
Q3c,meaning_human_value,median,trimmed_mean_10,0.7964
Q3c,macro_stabilisation,median,trimmed_mean_10,0.9252
Q3c,economic_agency_mobility,median,trimmed_mean_10,0.9813
Q3c,ownership_of_gains,median,trimmed_mean_10,0.9535
Q3c,democratic_voice,median,trimmed_mean_10,0.9349
Q3c,economic_feasibility,median,trimmed_mean_10,0.9909
Q3c,implementation_readiness,median,trimmed_mean_10,0.9346
Q3c,mild_disruption,median,trimmed_mean_10,0.9630
Q3c,moderate_disruption,median,trimmed_mean_10,0.9542
Q3c,full_transformation,median,trimmed_mean_10,0.9636
Q3c,welfare_resilience,median,trimmed_mean_10,0.9542
Q3c,agency_voice,median,trimmed_mean_10,1.0000
Q3c,feasibility,median,trimmed_mean_10,0.9542
Q3c,scenario_durability,median,trimmed_mean_10,0.9076
D2,standards_of_living,mean,median,1.0000
D2,meaning_human_value,mean,median,1.0000
D2,macro_stabilisation,mean,median,1.0000
D2,economic_agency_mobility,mean,median,1.0000
D2,ownership_of_gains,mean,median,1.0000
D2,democratic_voice,mean,median,1.0000
D2,economic_feasibility,mean,median,1.0000
D2,implementation_readiness,mean,median,1.0000
D2,mild_disruption,mean,median,1.0000
D2,moderate_disruption,mean,median,1.0000
D2,full_transformation,mean,median,1.0000
D2,welfare_resilience,mean,median,1.0000
D2,agency_voice,mean,median,1.0000
D2,feasibility,mean,median,1.0000
D2,scenario_durability,mean,median,1.0000
D2,standards_of_living,mean,trimmed_mean_10,1.0000
D2,meaning_human_value,mean,trimmed_mean_10,1.0000
D2,macro_stabilisation,mean,trimmed_mean_10,1.0000
D2,economic_agency_mobility,mean,trimmed_mean_10,1.0000
D2,ownership_of_gains,mean,trimmed_mean_10,1.0000
D2,democratic_voice,mean,trimmed_mean_10,1.0000
D2,economic_feasibility,mean,trimmed_mean_10,1.0000
D2,implementation_readiness,mean,trimmed_mean_10,1.0000
D2,mild_disruption,mean,trimmed_mean_10,1.0000
D2,moderate_disruption,mean,trimmed_mean_10,1.0000
D2,full_transformation,mean,trimmed_mean_10,1.0000
D2,welfare_resilience,mean,trimmed_mean_10,1.0000
D2,agency_voice,mean,trimmed_mean_10,1.0000
D2,feasibility,mean,trimmed_mean_10,1.0000
D2,scenario_durability,mean,trimmed_mean_10,1.0000
D2,standards_of_living,median,trimmed_mean_10,1.0000
D2,meaning_human_value,median,trimmed_mean_10,1.0000
D2,macro_stabilisation,median,trimmed_mean_10,1.0000
D2,economic_agency_mobility,median,trimmed_mean_10,1.0000
D2,ownership_of_gains,median,trimmed_mean_10,1.0000
D2,democratic_voice,median,trimmed_mean_10,1.0000
D2,economic_feasibility,median,trimmed_mean_10,1.0000
D2,implementation_readiness,median,trimmed_mean_10,1.0000
D2,mild_disruption,median,trimmed_mean_10,1.0000
D2,moderate_disruption,median,trimmed_mean_10,1.0000
D2,full_transformation,median,trimmed_mean_10,1.0000
D2,welfare_resilience,median,trimmed_mean_10,1.0000
D2,agency_voice,median,trimmed_mean_10,1.0000
D2,feasibility,median,trimmed_mean_10,1.0000
D2,scenario_durability,median,trimmed_mean_10,1.0000
