cell_id,view,n_units,beyond_m,max_abs_shift,clause_a,clause_b,clause_c,clause_d,clause_sequence,failure_rate,flagged
B,common_complete,121,0,0.0000,True,True,False,True,False,0.0007,False
B,survivor,121,0,0.0000,True,True,False,True,False,0.0007,False
B,impute_0,121,0,0.0000,True,True,False,True,False,0.0007,False
B,impute_100,121,0,0.0000,True,True,False,True,False,0.0007,False
B',common_complete,121,0,2.9098,True,True,False,True,False,0.0000,False
B',survivor,121,0,2.9098,True,True,False,True,False,0.0000,False
B',impute_0,121,0,2.9098,True,True,False,True,False,0.0000,False
B',impute_100,121,0,2.9098,True,True,False,True,False,0.0000,False
Q1,common_complete,121,15,14.4824,False,True,False,True,False,0.0000,False
Q1,survivor,121,15,14.4824,False,True,False,True,False,0.0000,False
Q1,impute_0,121,16,14.4824,False,True,False,True,False,0.0000,False
Q1,impute_100,121,15,14.4824,False,True,False,True,False,0.0000,False
Q4,common_complete,121,19,8.9268,True,True,False,True,False,0.0000,False
Q4,survivor,121,19,8.9268,True,True,False,True,False,0.0000,False
Q4,impute_0,121,18,8.9268,True,True,False,True,False,0.0000,False
Q4,impute_100,121,18,8.9268,True,True,False,True,False,0.0000,False
Q3c,common_complete,121,2,6.7600,True,True,False,True,False,0.0000,False
Q3c,survivor,121,4,5.6059,True,True,False,True,False,0.0000,False
Q3c,impute_0,121,3,5.6059,True,True,False,True,False,0.0000,False
Q3c,impute_100,121,4,5.7281,True,True,False,True,False,0.0000,False
D2,common_complete,121,12,10.5838,True,True,False,True,False,0.0107,False
D2,survivor,121,12,10.5838,True,True,False,True,False,0.0107,False
D2,impute_0,121,8,9.0863,True,True,False,True,False,0.0107,False
D2,impute_100,121,15,12.1843,True,True,False,True,False,0.0107,False
