cell_id,criterion,n_personas,n_policies,n_repeats,icc_agree,persona_policy_share,n_eff_agree,noise_confounded
B,standards_of_living,49,11,5,0.9017,0.0105,1.1065,False
B,meaning_human_value,49,11,5,0.6978,0.0445,1.4205,False
B,macro_stabilisation,49,11,5,0.9239,0.0035,1.0805,False
B,economic_agency_mobility,49,11,5,0.8067,0.0245,1.2337,False
B,ownership_of_gains,49,11,5,0.9807,0.0010,1.0193,False
B,democratic_voice,49,11,5,0.7948,0.0192,1.2516,False
B,economic_feasibility,49,11,5,0.8329,0.0186,1.1958,False
B,implementation_readiness,49,11,5,0.9154,0.0046,1.0904,False
B,mild_disruption,49,11,5,0.7063,0.0393,1.4038,False
B,moderate_disruption,49,11,5,0.7887,0.0066,1.2610,False
B,full_transformation,49,11,5,0.9025,0.0058,1.1056,False
B,admin_capacity_speed,49,11,5,0.8523,0.0037,1.1692,False
B,political_support,49,11,5,0.8568,0.0078,1.1631,False
B',standards_of_living,51,11,1,0.9022,0.0978,1.1061,True
B',meaning_human_value,51,11,1,0.7183,0.2817,1.3815,True
B',macro_stabilisation,51,11,1,0.9292,0.0708,1.0746,True
B',economic_agency_mobility,51,11,1,0.8137,0.1863,1.2234,True
B',ownership_of_gains,51,11,1,0.9801,0.0199,1.0199,True
B',democratic_voice,51,11,1,0.8137,0.1863,1.2234,True
B',economic_feasibility,51,11,1,0.8361,0.1639,1.1915,True
B',implementation_readiness,51,11,1,0.9222,0.0778,1.0826,True
B',mild_disruption,51,11,1,0.6946,0.3054,1.4275,True
B',moderate_disruption,51,11,1,0.8241,0.1759,1.2083,True
B',full_transformation,51,11,1,0.9005,0.0995,1.1081,True
B',admin_capacity_speed,51,11,1,0.8491,0.1509,1.1736,True
B',political_support,51,11,1,0.8511,0.1489,1.1710,True
Q1,standards_of_living,51,11,3,0.9077,0.0026,1.0995,False
Q1,meaning_human_value,51,11,3,0.7039,0.0475,1.4090,False
Q1,macro_stabilisation,51,11,3,0.9255,0.0065,1.0788,False
Q1,economic_agency_mobility,51,11,3,0.7515,0.0157,1.3221,False
Q1,ownership_of_gains,51,11,3,0.9803,0.0003,1.0197,False
Q1,democratic_voice,51,11,3,0.7302,0.0275,1.3596,False
Q1,economic_feasibility,51,11,3,0.8186,0.0117,1.2162,False
Q1,implementation_readiness,51,11,3,0.8935,0.0054,1.1166,False
Q1,mild_disruption,51,11,3,0.6142,0.0354,1.6084,False
Q1,moderate_disruption,51,11,3,0.8179,0.0030,1.2174,False
Q1,full_transformation,51,11,3,0.8882,0.0013,1.1231,False
Q1,admin_capacity_speed,51,11,3,0.8307,0.0026,1.1990,False
Q1,political_support,51,11,3,0.8551,0.0080,1.1656,False
Q4,standards_of_living,51,11,3,0.9015,0.0137,1.1069,False
Q4,meaning_human_value,51,11,3,0.7647,0.0554,1.2998,False
Q4,macro_stabilisation,51,11,3,0.9336,0.0028,1.0696,False
Q4,economic_agency_mobility,51,11,3,0.7983,0.0457,1.2464,False
Q4,ownership_of_gains,51,11,3,0.9794,0.0022,1.0206,False
Q4,democratic_voice,51,11,3,0.7382,0.0407,1.3453,False
Q4,economic_feasibility,51,11,3,0.8900,0.0161,1.1209,False
Q4,implementation_readiness,51,11,3,0.9184,0.0108,1.0870,False
Q4,mild_disruption,51,11,3,0.7347,0.0537,1.3515,False
Q4,moderate_disruption,51,11,3,0.8280,0.0264,1.2028,False
Q4,full_transformation,51,11,3,0.9224,0.0102,1.0824,False
Q4,admin_capacity_speed,51,11,3,0.8615,0.0107,1.1571,False
Q4,political_support,51,11,3,0.8725,0.0078,1.1429,False
Q3c,standards_of_living,9,11,1,0.8689,0.1311,1.1319,True
Q3c,meaning_human_value,9,11,1,0.6200,0.3800,1.5100,True
Q3c,macro_stabilisation,9,11,1,0.9249,0.0751,1.0715,True
Q3c,economic_agency_mobility,9,11,1,0.8311,0.1689,1.1767,True
Q3c,ownership_of_gains,9,11,1,0.9769,0.0231,1.0210,True
Q3c,democratic_voice,9,11,1,0.7727,0.2273,1.2532,True
Q3c,economic_feasibility,9,11,1,0.8524,0.1476,1.1510,True
Q3c,implementation_readiness,9,11,1,0.9134,0.0866,1.0834,True
Q3c,mild_disruption,9,11,1,0.6988,0.3012,1.3656,True
Q3c,moderate_disruption,9,11,1,0.7848,0.2152,1.2366,True
Q3c,full_transformation,9,11,1,0.9284,0.0716,1.0679,True
Q3c,admin_capacity_speed,9,11,1,0.8553,0.1447,1.1476,True
Q3c,political_support,9,11,1,0.8738,0.1262,1.1264,True
