cell_id,policy_id,criterion,n_personas,n_repeats,var_persona,var_run,var_residual,persona_share,icc_run,n_eff_run
B,almp,standards_of_living,51,5,6.0138,0.1833,31.0128,0.1616,0.0049,40.9229
B,directed_industrial_policy,standards_of_living,51,5,0.4296,0.0000,31.7163,0.0134,0.0000,51.0000
B,eitc,standards_of_living,51,5,5.8456,0.1673,23.2308,0.1999,0.0057,39.6588
B,fjg,standards_of_living,51,5,5.8401,0.2365,20.4929,0.2198,0.0089,35.2940
B,nit,standards_of_living,51,5,1.4035,0.1603,8.5750,0.1384,0.0158,28.4822
B,sawf,standards_of_living,49,5,5.3053,0.0000,18.8401,0.2197,0.0000,49.0000
B,ubc,standards_of_living,51,5,4.5408,0.0000,30.8038,0.1285,0.0000,51.0000
B,ubi,standards_of_living,51,5,9.1683,0.0378,11.6543,0.4395,0.0018,46.7587
B,ubs,standards_of_living,51,5,2.8057,0.0000,12.9942,0.1776,0.0000,51.0000
B,ui,standards_of_living,51,5,1.2078,0.0000,33.9315,0.0344,0.0000,51.0000
B,wage_insurance,standards_of_living,51,5,0.2079,0.0000,13.2487,0.0154,0.0000,51.0000
B,almp,meaning_human_value,51,5,3.1633,0.2530,24.1607,0.1147,0.0092,34.9631
B,directed_industrial_policy,meaning_human_value,51,5,0.9696,0.0000,39.4917,0.0240,0.0000,51.0000
B,eitc,meaning_human_value,51,5,2.8028,0.0104,20.9484,0.1180,0.0004,49.9046
B,fjg,meaning_human_value,51,5,2.4164,0.1325,12.7930,0.1575,0.0086,35.6213
B,nit,meaning_human_value,51,5,3.3100,0.0000,25.8796,0.1134,0.0000,51.0000
B,sawf,meaning_human_value,49,5,9.5141,0.0000,35.9776,0.2091,0.0000,49.0000
B,ubc,meaning_human_value,51,5,5.2511,0.2339,28.0485,0.1566,0.0070,37.8134
B,ubi,meaning_human_value,51,5,30.8619,0.4368,30.8730,0.4964,0.0070,37.7413
B,ubs,meaning_human_value,51,5,4.4547,0.1460,23.3716,0.1593,0.0052,40.4428
B,ui,meaning_human_value,51,5,0.7246,0.2588,28.5196,0.0246,0.0088,35.4502
B,wage_insurance,meaning_human_value,51,5,3.7404,0.0000,31.0419,0.1075,0.0000,51.0000
B,almp,macro_stabilisation,51,5,3.0666,0.4078,16.9157,0.1504,0.0200,25.4987
B,directed_industrial_policy,macro_stabilisation,51,5,2.8391,0.0000,31.1499,0.0835,0.0000,51.0000
B,eitc,macro_stabilisation,51,5,2.6513,0.0000,48.7194,0.0516,0.0000,51.0000
B,fjg,macro_stabilisation,51,5,1.1436,0.0000,23.4984,0.0464,0.0000,51.0000
B,nit,macro_stabilisation,51,5,5.1220,0.0148,24.3381,0.1738,0.0005,49.7490
B,sawf,macro_stabilisation,49,5,8.5580,0.0000,73.4359,0.1044,0.0000,49.0000
B,ubc,macro_stabilisation,51,5,1.3271,0.0325,24.1204,0.0521,0.0013,47.9416
B,ubi,macro_stabilisation,51,5,9.1627,0.0000,57.7342,0.1370,0.0000,51.0000
B,ubs,macro_stabilisation,51,5,1.3645,0.0000,38.8889,0.0339,0.0000,51.0000
B,ui,macro_stabilisation,51,5,0.7497,0.0000,6.9125,0.0978,0.0000,51.0000
B,wage_insurance,macro_stabilisation,51,5,0.0000,1.5270,40.5083,0.0000,0.0363,18.1085
B,almp,economic_agency_mobility,51,5,3.6212,0.3447,23.8180,0.1303,0.0124,31.4750
B,directed_industrial_policy,economic_agency_mobility,51,5,2.4572,0.0000,30.1820,0.0753,0.0000,51.0000
B,eitc,economic_agency_mobility,51,5,2.6904,0.0000,38.8414,0.0648,0.0000,51.0000
B,fjg,economic_agency_mobility,51,5,10.4019,0.7984,30.6899,0.2483,0.0191,26.1148
B,nit,economic_agency_mobility,51,5,1.3951,0.0427,21.2122,0.0616,0.0019,46.6100
B,sawf,economic_agency_mobility,49,5,10.3172,0.0000,23.2483,0.3074,0.0000,49.0000
B,ubc,economic_agency_mobility,51,5,5.3296,0.0000,19.7848,0.2122,0.0000,51.0000
B,ubi,economic_agency_mobility,51,5,7.1042,0.7525,15.6671,0.3020,0.0320,19.6200
B,ubs,economic_agency_mobility,51,5,8.1645,0.0000,27.8814,0.2265,0.0000,51.0000
B,ui,economic_agency_mobility,51,5,1.8132,0.1568,15.0726,0.1064,0.0092,34.9320
B,wage_insurance,economic_agency_mobility,51,5,7.2175,0.2016,48.5395,0.1290,0.0036,43.2139
B,almp,ownership_of_gains,51,5,1.6529,0.7961,15.2156,0.0936,0.0451,15.6758
B,directed_industrial_policy,ownership_of_gains,51,5,0.5925,0.0000,18.3979,0.0312,0.0000,51.0000
B,eitc,ownership_of_gains,51,5,0.9578,0.4751,10.2465,0.0820,0.0407,16.8099
B,fjg,ownership_of_gains,51,5,1.5010,0.0000,21.2058,0.0661,0.0000,51.0000
B,nit,ownership_of_gains,51,5,0.0000,0.0000,20.3669,0.0000,0.0000,51.0000
B,sawf,ownership_of_gains,49,5,1.6637,0.0613,6.8264,0.1946,0.0072,36.4547
B,ubc,ownership_of_gains,51,5,0.7841,0.1229,9.4222,0.0759,0.0119,31.9726
B,ubi,ownership_of_gains,51,5,5.3715,0.0000,41.7585,0.1140,0.0000,51.0000
B,ubs,ownership_of_gains,51,5,2.5710,0.0954,20.1791,0.1125,0.0042,42.1929
B,ui,ownership_of_gains,51,5,0.0489,0.0000,10.5192,0.0046,0.0000,51.0000
B,wage_insurance,ownership_of_gains,51,5,0.5077,0.1156,8.4884,0.0557,0.0127,31.2083
B,almp,democratic_voice,51,5,0.9842,2.5103,35.9407,0.0250,0.0637,12.1927
B,directed_industrial_policy,democratic_voice,51,5,5.7524,0.1142,25.7897,0.1817,0.0036,43.2068
B,eitc,democratic_voice,51,5,0.7893,0.0000,37.2003,0.0208,0.0000,51.0000
B,fjg,democratic_voice,51,5,5.4122,0.0000,24.4564,0.1812,0.0000,51.0000
B,nit,democratic_voice,51,5,1.2452,0.0267,22.2125,0.0530,0.0011,48.2562
B,sawf,democratic_voice,49,5,9.7180,0.0395,30.7667,0.2398,0.0010,46.8123
B,ubc,democratic_voice,51,5,6.2056,0.0000,25.3430,0.1967,0.0000,51.0000
B,ubi,democratic_voice,51,5,6.1023,0.0000,20.8679,0.2263,0.0000,51.0000
B,ubs,democratic_voice,51,5,4.6290,0.1100,16.9351,0.2136,0.0051,40.6777
B,ui,democratic_voice,51,5,2.6369,0.0000,36.3051,0.0677,0.0000,51.0000
B,wage_insurance,democratic_voice,51,5,0.0072,0.3476,30.2681,0.0002,0.0114,32.5346
B,almp,economic_feasibility,51,5,3.3846,0.0000,25.2937,0.1180,0.0000,51.0000
B,directed_industrial_policy,economic_feasibility,51,5,2.5531,0.0000,16.2973,0.1354,0.0000,51.0000
B,eitc,economic_feasibility,51,5,2.0902,0.0000,27.1849,0.0714,0.0000,51.0000
B,fjg,economic_feasibility,51,5,7.5712,0.1265,21.7598,0.2570,0.0043,41.9868
B,nit,economic_feasibility,51,5,0.1318,0.0000,19.5702,0.0067,0.0000,51.0000
B,sawf,economic_feasibility,49,5,7.9330,0.0000,41.0515,0.1619,0.0000,49.0000
B,ubc,economic_feasibility,51,5,4.1569,0.0000,25.0916,0.1421,0.0000,51.0000
B,ubi,economic_feasibility,51,5,6.9735,0.6421,29.4540,0.1881,0.0173,27.3298
B,ubs,economic_feasibility,51,5,15.8272,0.0000,33.2928,0.3222,0.0000,51.0000
B,ui,economic_feasibility,51,5,0.4538,0.0000,23.3953,0.0190,0.0000,51.0000
B,wage_insurance,economic_feasibility,51,5,2.8459,0.0000,20.2665,0.1231,0.0000,51.0000
B,almp,implementation_readiness,51,5,3.5160,0.7728,28.6507,0.1067,0.0235,23.4695
B,directed_industrial_policy,implementation_readiness,51,5,0.0000,0.0512,27.8841,0.0000,0.0018,46.7175
B,eitc,implementation_readiness,51,5,0.8512,0.0000,8.1843,0.0942,0.0000,51.0000
B,fjg,implementation_readiness,51,5,1.9405,0.0000,20.2649,0.0874,0.0000,51.0000
B,nit,implementation_readiness,51,5,1.1260,0.0307,28.9909,0.0373,0.0010,48.5316
B,sawf,implementation_readiness,49,5,4.8097,0.0568,27.2513,0.1498,0.0018,45.1632
B,ubc,implementation_readiness,51,5,5.7115,0.0000,34.3576,0.1425,0.0000,51.0000
B,ubi,implementation_readiness,51,5,6.3685,0.4439,51.8933,0.1085,0.0076,37.0077
B,ubs,implementation_readiness,51,5,2.5325,0.2518,25.2893,0.0902,0.0090,35.2079
B,ui,implementation_readiness,51,5,0.5329,0.0000,31.3620,0.0167,0.0000,51.0000
B,wage_insurance,implementation_readiness,51,5,3.9594,0.7844,45.8725,0.0782,0.0155,28.7349
B,almp,mild_disruption,51,5,0.7967,0.1503,9.8811,0.0736,0.0139,30.1078
B,directed_industrial_policy,mild_disruption,51,5,4.6902,0.0000,28.4331,0.1416,0.0000,51.0000
B,eitc,mild_disruption,51,5,0.1814,0.0016,10.0710,0.0177,0.0002,50.6129
B,fjg,mild_disruption,51,5,8.1822,0.0000,32.3198,0.2020,0.0000,51.0000
B,nit,mild_disruption,51,5,1.2715,0.0000,8.8189,0.1260,0.0000,51.0000
B,sawf,mild_disruption,49,5,4.1249,0.2974,30.0679,0.1196,0.0086,34.6574
B,ubc,mild_disruption,51,5,1.7427,0.0000,37.8350,0.0440,0.0000,51.0000
B,ubi,mild_disruption,51,5,30.7395,0.2291,70.2140,0.3038,0.0023,45.8135
B,ubs,mild_disruption,51,5,8.0148,0.0044,27.3976,0.2263,0.0001,50.6857
B,ui,mild_disruption,51,5,0.0000,0.0000,9.6108,0.0000,0.0000,51.0000
B,wage_insurance,mild_disruption,51,5,1.2298,0.1269,14.9261,0.0755,0.0078,36.7022
B,almp,moderate_disruption,51,5,0.9030,0.0000,16.7284,0.0512,0.0000,51.0000
B,directed_industrial_policy,moderate_disruption,51,5,4.2750,0.7411,36.8433,0.1021,0.0177,27.0532
B,eitc,moderate_disruption,51,5,0.2694,0.0000,19.8144,0.0134,0.0000,51.0000
B,fjg,moderate_disruption,51,5,0.0000,0.0000,89.7055,0.0000,0.0000,51.0000
B,nit,moderate_disruption,51,5,0.0000,0.3853,24.4206,0.0000,0.0155,28.7075
B,sawf,moderate_disruption,49,5,8.8082,0.1538,74.9421,0.1050,0.0018,45.0367
B,ubc,moderate_disruption,51,5,6.8718,0.0000,55.9156,0.1094,0.0000,51.0000
B,ubi,moderate_disruption,51,5,7.6149,0.0021,47.1940,0.1389,0.0000,50.9035
B,ubs,moderate_disruption,51,5,0.0000,0.0000,69.5056,0.0000,0.0000,51.0000
B,ui,moderate_disruption,51,5,0.5623,0.0000,22.5585,0.0243,0.0000,51.0000
B,wage_insurance,moderate_disruption,51,5,0.5282,0.0000,22.1882,0.0233,0.0000,51.0000
B,almp,full_transformation,51,5,0.3991,0.2727,8.7724,0.0423,0.0289,20.8693
B,directed_industrial_policy,full_transformation,51,5,1.0482,0.0000,17.5529,0.0564,0.0000,51.0000
B,eitc,full_transformation,51,5,0.2095,0.1204,8.3483,0.0241,0.0139,30.1165
B,fjg,full_transformation,51,5,5.9933,0.4129,55.4047,0.0970,0.0067,38.2299
B,nit,full_transformation,51,5,0.8925,0.0124,22.2602,0.0385,0.0005,49.6714
B,sawf,full_transformation,49,5,10.3486,0.0000,105.1303,0.0896,0.0000,49.0000
B,ubc,full_transformation,51,5,13.0235,0.0000,122.9577,0.0958,0.0000,51.0000
B,ubi,full_transformation,51,5,12.9238,0.0000,105.1045,0.1095,0.0000,51.0000
B,ubs,full_transformation,51,5,0.0000,0.0000,112.0329,0.0000,0.0000,51.0000
B,ui,full_transformation,51,5,0.6337,0.0000,11.2984,0.0531,0.0000,51.0000
B,wage_insurance,full_transformation,51,5,0.6630,0.0000,7.6288,0.0800,0.0000,51.0000
B,almp,admin_capacity_speed,51,5,2.0862,0.0000,22.4120,0.0852,0.0000,51.0000
B,directed_industrial_policy,admin_capacity_speed,51,5,0.0000,0.0000,14.8716,0.0000,0.0000,51.0000
B,eitc,admin_capacity_speed,51,5,0.0000,0.9722,66.3925,0.0000,0.0144,29.6233
B,fjg,admin_capacity_speed,51,5,0.0398,0.0000,24.2411,0.0016,0.0000,51.0000
B,nit,admin_capacity_speed,51,5,2.0505,1.2030,34.3323,0.0546,0.0320,19.6126
B,sawf,admin_capacity_speed,49,5,5.4333,0.3088,46.8565,0.1033,0.0059,38.2262
B,ubc,admin_capacity_speed,51,5,0.6327,0.0000,49.5183,0.0126,0.0000,51.0000
B,ubi,admin_capacity_speed,51,5,1.0366,0.0000,39.0751,0.0258,0.0000,51.0000
B,ubs,admin_capacity_speed,51,5,0.0425,0.0000,44.4102,0.0010,0.0000,51.0000
B,ui,admin_capacity_speed,51,5,7.2513,0.3582,95.0183,0.0707,0.0035,43.4230
B,wage_insurance,admin_capacity_speed,51,5,2.3158,0.0501,38.4597,0.0567,0.0012,48.0528
B,almp,political_support,51,5,3.8540,0.0000,22.1194,0.1484,0.0000,51.0000
B,directed_industrial_policy,political_support,51,5,0.4750,0.0000,18.5562,0.0250,0.0000,51.0000
B,eitc,political_support,51,5,0.2956,0.2644,11.0179,0.0255,0.0228,23.8100
B,fjg,political_support,51,5,4.9229,0.3193,44.2101,0.0995,0.0065,38.5537
B,nit,political_support,51,5,3.2896,0.0000,34.5321,0.0870,0.0000,51.0000
B,sawf,political_support,49,5,2.2675,0.0000,26.0286,0.0801,0.0000,49.0000
B,ubc,political_support,51,5,2.3507,0.0000,24.1130,0.0888,0.0000,51.0000
B,ubi,political_support,51,5,5.1878,0.3813,34.7521,0.1287,0.0095,34.6286
B,ubs,political_support,51,5,2.3650,0.0000,29.7454,0.0737,0.0000,51.0000
B,ui,political_support,51,5,0.0000,0.0000,25.4220,0.0000,0.0000,51.0000
B,wage_insurance,political_support,51,5,1.2544,0.0000,33.8282,0.0358,0.0000,51.0000
B',almp,standards_of_living,51,1,,,,,,
B',directed_industrial_policy,standards_of_living,51,1,,,,,,
B',eitc,standards_of_living,51,1,,,,,,
B',fjg,standards_of_living,51,1,,,,,,
B',nit,standards_of_living,51,1,,,,,,
B',sawf,standards_of_living,51,1,,,,,,
B',ubc,standards_of_living,51,1,,,,,,
B',ubi,standards_of_living,51,1,,,,,,
B',ubs,standards_of_living,51,1,,,,,,
B',ui,standards_of_living,51,1,,,,,,
B',wage_insurance,standards_of_living,51,1,,,,,,
B',almp,meaning_human_value,51,1,,,,,,
B',directed_industrial_policy,meaning_human_value,51,1,,,,,,
B',eitc,meaning_human_value,51,1,,,,,,
B',fjg,meaning_human_value,51,1,,,,,,
B',nit,meaning_human_value,51,1,,,,,,
B',sawf,meaning_human_value,51,1,,,,,,
B',ubc,meaning_human_value,51,1,,,,,,
B',ubi,meaning_human_value,51,1,,,,,,
B',ubs,meaning_human_value,51,1,,,,,,
B',ui,meaning_human_value,51,1,,,,,,
B',wage_insurance,meaning_human_value,51,1,,,,,,
B',almp,macro_stabilisation,51,1,,,,,,
B',directed_industrial_policy,macro_stabilisation,51,1,,,,,,
B',eitc,macro_stabilisation,51,1,,,,,,
B',fjg,macro_stabilisation,51,1,,,,,,
B',nit,macro_stabilisation,51,1,,,,,,
B',sawf,macro_stabilisation,51,1,,,,,,
B',ubc,macro_stabilisation,51,1,,,,,,
B',ubi,macro_stabilisation,51,1,,,,,,
B',ubs,macro_stabilisation,51,1,,,,,,
B',ui,macro_stabilisation,51,1,,,,,,
B',wage_insurance,macro_stabilisation,51,1,,,,,,
B',almp,economic_agency_mobility,51,1,,,,,,
B',directed_industrial_policy,economic_agency_mobility,51,1,,,,,,
B',eitc,economic_agency_mobility,51,1,,,,,,
B',fjg,economic_agency_mobility,51,1,,,,,,
B',nit,economic_agency_mobility,51,1,,,,,,
B',sawf,economic_agency_mobility,51,1,,,,,,
B',ubc,economic_agency_mobility,51,1,,,,,,
B',ubi,economic_agency_mobility,51,1,,,,,,
B',ubs,economic_agency_mobility,51,1,,,,,,
B',ui,economic_agency_mobility,51,1,,,,,,
B',wage_insurance,economic_agency_mobility,51,1,,,,,,
B',almp,ownership_of_gains,51,1,,,,,,
B',directed_industrial_policy,ownership_of_gains,51,1,,,,,,
B',eitc,ownership_of_gains,51,1,,,,,,
B',fjg,ownership_of_gains,51,1,,,,,,
B',nit,ownership_of_gains,51,1,,,,,,
B',sawf,ownership_of_gains,51,1,,,,,,
B',ubc,ownership_of_gains,51,1,,,,,,
B',ubi,ownership_of_gains,51,1,,,,,,
B',ubs,ownership_of_gains,51,1,,,,,,
B',ui,ownership_of_gains,51,1,,,,,,
B',wage_insurance,ownership_of_gains,51,1,,,,,,
B',almp,democratic_voice,51,1,,,,,,
B',directed_industrial_policy,democratic_voice,51,1,,,,,,
B',eitc,democratic_voice,51,1,,,,,,
B',fjg,democratic_voice,51,1,,,,,,
B',nit,democratic_voice,51,1,,,,,,
B',sawf,democratic_voice,51,1,,,,,,
B',ubc,democratic_voice,51,1,,,,,,
B',ubi,democratic_voice,51,1,,,,,,
B',ubs,democratic_voice,51,1,,,,,,
B',ui,democratic_voice,51,1,,,,,,
B',wage_insurance,democratic_voice,51,1,,,,,,
B',almp,economic_feasibility,51,1,,,,,,
B',directed_industrial_policy,economic_feasibility,51,1,,,,,,
B',eitc,economic_feasibility,51,1,,,,,,
B',fjg,economic_feasibility,51,1,,,,,,
B',nit,economic_feasibility,51,1,,,,,,
B',sawf,economic_feasibility,51,1,,,,,,
B',ubc,economic_feasibility,51,1,,,,,,
B',ubi,economic_feasibility,51,1,,,,,,
B',ubs,economic_feasibility,51,1,,,,,,
B',ui,economic_feasibility,51,1,,,,,,
B',wage_insurance,economic_feasibility,51,1,,,,,,
B',almp,implementation_readiness,51,1,,,,,,
B',directed_industrial_policy,implementation_readiness,51,1,,,,,,
B',eitc,implementation_readiness,51,1,,,,,,
B',fjg,implementation_readiness,51,1,,,,,,
B',nit,implementation_readiness,51,1,,,,,,
B',sawf,implementation_readiness,51,1,,,,,,
B',ubc,implementation_readiness,51,1,,,,,,
B',ubi,implementation_readiness,51,1,,,,,,
B',ubs,implementation_readiness,51,1,,,,,,
B',ui,implementation_readiness,51,1,,,,,,
B',wage_insurance,implementation_readiness,51,1,,,,,,
B',almp,mild_disruption,51,1,,,,,,
B',directed_industrial_policy,mild_disruption,51,1,,,,,,
B',eitc,mild_disruption,51,1,,,,,,
B',fjg,mild_disruption,51,1,,,,,,
B',nit,mild_disruption,51,1,,,,,,
B',sawf,mild_disruption,51,1,,,,,,
B',ubc,mild_disruption,51,1,,,,,,
B',ubi,mild_disruption,51,1,,,,,,
B',ubs,mild_disruption,51,1,,,,,,
B',ui,mild_disruption,51,1,,,,,,
B',wage_insurance,mild_disruption,51,1,,,,,,
B',almp,moderate_disruption,51,1,,,,,,
B',directed_industrial_policy,moderate_disruption,51,1,,,,,,
B',eitc,moderate_disruption,51,1,,,,,,
B',fjg,moderate_disruption,51,1,,,,,,
B',nit,moderate_disruption,51,1,,,,,,
B',sawf,moderate_disruption,51,1,,,,,,
B',ubc,moderate_disruption,51,1,,,,,,
B',ubi,moderate_disruption,51,1,,,,,,
B',ubs,moderate_disruption,51,1,,,,,,
B',ui,moderate_disruption,51,1,,,,,,
B',wage_insurance,moderate_disruption,51,1,,,,,,
B',almp,full_transformation,51,1,,,,,,
B',directed_industrial_policy,full_transformation,51,1,,,,,,
B',eitc,full_transformation,51,1,,,,,,
B',fjg,full_transformation,51,1,,,,,,
B',nit,full_transformation,51,1,,,,,,
B',sawf,full_transformation,51,1,,,,,,
B',ubc,full_transformation,51,1,,,,,,
B',ubi,full_transformation,51,1,,,,,,
B',ubs,full_transformation,51,1,,,,,,
B',ui,full_transformation,51,1,,,,,,
B',wage_insurance,full_transformation,51,1,,,,,,
B',almp,admin_capacity_speed,51,1,,,,,,
B',directed_industrial_policy,admin_capacity_speed,51,1,,,,,,
B',eitc,admin_capacity_speed,51,1,,,,,,
B',fjg,admin_capacity_speed,51,1,,,,,,
B',nit,admin_capacity_speed,51,1,,,,,,
B',sawf,admin_capacity_speed,51,1,,,,,,
B',ubc,admin_capacity_speed,51,1,,,,,,
B',ubi,admin_capacity_speed,51,1,,,,,,
B',ubs,admin_capacity_speed,51,1,,,,,,
B',ui,admin_capacity_speed,51,1,,,,,,
B',wage_insurance,admin_capacity_speed,51,1,,,,,,
B',almp,political_support,51,1,,,,,,
B',directed_industrial_policy,political_support,51,1,,,,,,
B',eitc,political_support,51,1,,,,,,
B',fjg,political_support,51,1,,,,,,
B',nit,political_support,51,1,,,,,,
B',sawf,political_support,51,1,,,,,,
B',ubc,political_support,51,1,,,,,,
B',ubi,political_support,51,1,,,,,,
B',ubs,political_support,51,1,,,,,,
B',ui,political_support,51,1,,,,,,
B',wage_insurance,political_support,51,1,,,,,,
Q1,almp,standards_of_living,51,3,3.0695,0.0000,37.5035,0.0757,0.0000,51.0000
Q1,directed_industrial_policy,standards_of_living,51,3,4.2847,0.4340,20.0105,0.1733,0.0175,27.1641
Q1,eitc,standards_of_living,51,3,0.0000,0.8878,23.2102,0.0000,0.0368,17.9442
Q1,fjg,standards_of_living,51,3,3.7637,0.0000,19.2724,0.1634,0.0000,51.0000
Q1,nit,standards_of_living,51,3,1.4285,0.0000,7.5814,0.1585,0.0000,51.0000
Q1,sawf,standards_of_living,51,3,0.0000,0.0069,23.8885,0.0000,0.0003,50.2712
Q1,ubc,standards_of_living,51,3,0.0000,0.9511,44.8071,0.0000,0.0208,25.0088
Q1,ubi,standards_of_living,51,3,1.2844,0.4805,9.1077,0.1181,0.0442,15.8890
Q1,ubs,standards_of_living,51,3,2.6397,0.4350,9.2447,0.2143,0.0353,18.4406
Q1,ui,standards_of_living,51,3,1.8475,0.0000,30.7486,0.0567,0.0000,51.0000
Q1,wage_insurance,standards_of_living,51,3,0.9373,0.2923,18.6816,0.0471,0.0147,29.4121
Q1,almp,meaning_human_value,51,3,2.0746,0.0000,21.8004,0.0869,0.0000,51.0000
Q1,directed_industrial_policy,meaning_human_value,51,3,5.4311,0.0000,20.8144,0.2069,0.0000,51.0000
Q1,eitc,meaning_human_value,51,3,0.0000,0.0000,30.9563,0.0000,0.0000,51.0000
Q1,fjg,meaning_human_value,51,3,5.9382,0.0647,16.4843,0.2641,0.0029,44.5854
Q1,nit,meaning_human_value,51,3,7.7613,0.0000,20.6583,0.2731,0.0000,51.0000
Q1,sawf,meaning_human_value,51,3,3.5508,0.0000,44.5352,0.0738,0.0000,51.0000
Q1,ubc,meaning_human_value,51,3,11.9435,0.0000,28.7749,0.2933,0.0000,51.0000
Q1,ubi,meaning_human_value,51,3,25.7957,0.0000,27.3199,0.4857,0.0000,51.0000
Q1,ubs,meaning_human_value,51,3,6.5727,0.8224,24.4914,0.2061,0.0258,22.2756
Q1,ui,meaning_human_value,51,3,3.2746,0.0000,29.2893,0.1006,0.0000,51.0000
Q1,wage_insurance,meaning_human_value,51,3,0.9818,0.0000,29.2979,0.0324,0.0000,51.0000
Q1,almp,macro_stabilisation,51,3,0.3689,0.3799,19.2410,0.0185,0.0190,26.1517
Q1,directed_industrial_policy,macro_stabilisation,51,3,3.8699,0.0000,24.4647,0.1366,0.0000,51.0000
Q1,eitc,macro_stabilisation,51,3,3.8510,0.6868,47.7380,0.0737,0.0131,30.7804
Q1,fjg,macro_stabilisation,51,3,3.1635,0.4702,21.5363,0.1257,0.0187,26.3697
Q1,nit,macro_stabilisation,51,3,5.3107,0.1962,16.0587,0.2463,0.0091,35.0537
Q1,sawf,macro_stabilisation,51,3,1.8114,0.0000,43.0438,0.0404,0.0000,51.0000
Q1,ubc,macro_stabilisation,51,3,1.0410,0.0000,30.2097,0.0333,0.0000,51.0000
Q1,ubi,macro_stabilisation,51,3,6.9041,0.5963,52.7501,0.1146,0.0099,34.1164
Q1,ubs,macro_stabilisation,51,3,15.9801,0.5145,27.4332,0.3638,0.0117,32.1639
Q1,ui,macro_stabilisation,51,3,0.0000,0.0000,5.6395,0.0000,0.0000,51.0000
Q1,wage_insurance,macro_stabilisation,51,3,0.0000,0.0000,38.3337,0.0000,0.0000,51.0000
Q1,almp,economic_agency_mobility,51,3,5.1939,0.2927,16.6812,0.2343,0.0132,30.7201
Q1,directed_industrial_policy,economic_agency_mobility,51,3,5.7357,0.0000,21.3046,0.2121,0.0000,51.0000
Q1,eitc,economic_agency_mobility,51,3,0.0000,0.7736,43.2199,0.0000,0.0176,27.1390
Q1,fjg,economic_agency_mobility,51,3,6.8186,0.6905,31.6886,0.1740,0.0176,27.1170
Q1,nit,economic_agency_mobility,51,3,4.3226,0.0000,21.9665,0.1644,0.0000,51.0000
Q1,sawf,economic_agency_mobility,51,3,2.8776,0.2578,23.2651,0.1090,0.0098,34.2695
Q1,ubc,economic_agency_mobility,51,3,3.3094,0.0000,17.1159,0.1620,0.0000,51.0000
Q1,ubi,economic_agency_mobility,51,3,3.3371,0.6569,12.1928,0.2062,0.0406,16.8372
Q1,ubs,economic_agency_mobility,51,3,0.0000,0.0000,33.9716,0.0000,0.0000,51.0000
Q1,ui,economic_agency_mobility,51,3,3.0395,0.0000,19.2426,0.1364,0.0000,51.0000
Q1,wage_insurance,economic_agency_mobility,51,3,6.7165,1.6767,59.6108,0.0988,0.0247,22.8411
Q1,almp,ownership_of_gains,51,3,1.0512,0.0565,8.8324,0.1058,0.0057,39.7180
Q1,directed_industrial_policy,ownership_of_gains,51,3,2.5659,0.0140,20.9599,0.1090,0.0006,49.5285
Q1,eitc,ownership_of_gains,51,3,0.0000,0.0108,11.2963,0.0000,0.0010,48.6652
Q1,fjg,ownership_of_gains,51,3,2.5514,0.0000,17.4047,0.1278,0.0000,51.0000
Q1,nit,ownership_of_gains,51,3,0.0000,0.2901,22.1936,0.0000,0.0129,31.0019
Q1,sawf,ownership_of_gains,51,3,1.2346,0.0000,5.2030,0.1918,0.0000,51.0000
Q1,ubc,ownership_of_gains,51,3,1.2153,0.0540,8.5473,0.1238,0.0055,40.0007
Q1,ubi,ownership_of_gains,51,3,0.0000,1.1935,63.0745,0.0000,0.0186,26.4453
Q1,ubs,ownership_of_gains,51,3,4.3741,0.6578,17.4533,0.1945,0.0293,20.7091
Q1,ui,ownership_of_gains,51,3,0.0000,0.3808,10.8218,0.0000,0.0340,18.8922
Q1,wage_insurance,ownership_of_gains,51,3,0.0000,0.3027,8.7234,0.0000,0.0335,19.0509
Q1,almp,democratic_voice,51,3,3.6248,0.0000,34.2369,0.0957,0.0000,51.0000
Q1,directed_industrial_policy,democratic_voice,51,3,13.6613,0.0000,23.7722,0.3649,0.0000,51.0000
Q1,eitc,democratic_voice,51,3,0.3518,0.0000,36.1957,0.0096,0.0000,51.0000
Q1,fjg,democratic_voice,51,3,1.1888,0.0000,23.8865,0.0474,0.0000,51.0000
Q1,nit,democratic_voice,51,3,2.7689,0.1629,20.0136,0.1207,0.0071,37.6406
Q1,sawf,democratic_voice,51,3,5.5319,1.0221,28.8929,0.1561,0.0288,20.8869
Q1,ubc,democratic_voice,51,3,6.3842,0.0000,27.5850,0.1879,0.0000,51.0000
Q1,ubi,democratic_voice,51,3,4.1161,0.0000,20.8552,0.1648,0.0000,51.0000
Q1,ubs,democratic_voice,51,3,3.6021,0.0298,16.9179,0.1753,0.0015,47.5517
Q1,ui,democratic_voice,51,3,0.1209,0.0000,38.3753,0.0031,0.0000,51.0000
Q1,wage_insurance,democratic_voice,51,3,0.0000,0.0000,36.7471,0.0000,0.0000,51.0000
Q1,almp,economic_feasibility,51,3,0.0000,0.4332,26.4230,0.0000,0.0161,28.2310
Q1,directed_industrial_policy,economic_feasibility,51,3,0.0000,0.4020,24.3824,0.0000,0.0162,28.1625
Q1,eitc,economic_feasibility,51,3,0.7773,0.2016,25.7265,0.0291,0.0075,37.0265
Q1,fjg,economic_feasibility,51,3,5.4000,0.0000,24.2246,0.1823,0.0000,51.0000
Q1,nit,economic_feasibility,51,3,0.1303,0.3570,29.5776,0.0043,0.0119,32.0009
Q1,sawf,economic_feasibility,51,3,10.4884,0.3116,33.0152,0.2394,0.0071,37.6211
Q1,ubc,economic_feasibility,51,3,2.8252,1.2710,33.1996,0.0758,0.0341,18.8615
Q1,ubi,economic_feasibility,51,3,10.0408,0.4437,31.4975,0.2392,0.0106,33.3684
Q1,ubs,economic_feasibility,51,3,6.1281,2.6426,37.8803,0.1314,0.0566,13.3078
Q1,ui,economic_feasibility,51,3,2.3192,0.4549,15.4732,0.1271,0.0249,22.7021
Q1,wage_insurance,economic_feasibility,51,3,2.1284,0.0936,19.9783,0.0959,0.0042,42.1210
Q1,almp,implementation_readiness,51,3,0.1652,0.0000,28.1349,0.0058,0.0000,51.0000
Q1,directed_industrial_policy,implementation_readiness,51,3,0.9652,0.1192,31.9396,0.0292,0.0036,43.2021
Q1,eitc,implementation_readiness,51,3,0.0000,0.0695,10.8128,0.0000,0.0064,38.6504
Q1,fjg,implementation_readiness,51,3,4.9825,0.0000,16.4353,0.2326,0.0000,51.0000
Q1,nit,implementation_readiness,51,3,4.6433,0.0000,34.6875,0.1181,0.0000,51.0000
Q1,sawf,implementation_readiness,51,3,4.0855,0.3061,26.7069,0.1314,0.0098,34.1774
Q1,ubc,implementation_readiness,51,3,1.6392,2.2787,34.0873,0.0431,0.0600,12.7568
Q1,ubi,implementation_readiness,51,3,0.0000,0.0000,62.1159,0.0000,0.0000,51.0000
Q1,ubs,implementation_readiness,51,3,6.1095,0.0000,30.1258,0.1686,0.0000,51.0000
Q1,ui,implementation_readiness,51,3,0.9478,0.0000,30.9988,0.0297,0.0000,51.0000
Q1,wage_insurance,implementation_readiness,51,3,1.6894,0.0000,40.9085,0.0397,0.0000,51.0000
Q1,almp,mild_disruption,51,3,0.4486,0.0000,11.2708,0.0383,0.0000,51.0000
Q1,directed_industrial_policy,mild_disruption,51,3,4.2271,0.0000,16.1732,0.2072,0.0000,51.0000
Q1,eitc,mild_disruption,51,3,0.2911,0.0370,9.6624,0.0291,0.0037,43.0327
Q1,fjg,mild_disruption,51,3,2.9510,0.1382,29.6592,0.0901,0.0042,42.1155
Q1,nit,mild_disruption,51,3,1.8005,0.0000,7.8787,0.1860,0.0000,51.0000
Q1,sawf,mild_disruption,51,3,4.8039,0.0000,31.5116,0.1323,0.0000,51.0000
Q1,ubc,mild_disruption,51,3,0.4990,0.5149,31.0210,0.0156,0.0161,28.2759
Q1,ubi,mild_disruption,51,3,12.6359,0.7607,56.9191,0.1797,0.0108,33.0979
Q1,ubs,mild_disruption,51,3,7.0254,0.9265,30.8905,0.1809,0.0239,23.2591
Q1,ui,mild_disruption,51,3,0.0000,0.0000,9.5603,0.0000,0.0000,51.0000
Q1,wage_insurance,mild_disruption,51,3,3.0855,0.0000,9.5885,0.2435,0.0000,51.0000
Q1,almp,moderate_disruption,51,3,2.0885,0.0000,12.0744,0.1475,0.0000,51.0000
Q1,directed_industrial_policy,moderate_disruption,51,3,2.6488,0.8041,26.3071,0.0890,0.0270,21.6938
Q1,eitc,moderate_disruption,51,3,0.0000,0.0000,19.9242,0.0000,0.0000,51.0000
Q1,fjg,moderate_disruption,51,3,6.2613,8.7925,61.7173,0.0816,0.1145,7.5820
Q1,nit,moderate_disruption,51,3,0.0000,0.4401,29.0108,0.0000,0.0149,29.1891
Q1,sawf,moderate_disruption,51,3,0.0000,4.5371,61.9661,0.0000,0.0682,11.5615
Q1,ubc,moderate_disruption,51,3,4.7335,0.0000,62.6705,0.0702,0.0000,51.0000
Q1,ubi,moderate_disruption,51,3,2.1346,0.0000,65.5380,0.0315,0.0000,51.0000
Q1,ubs,moderate_disruption,51,3,7.0244,4.2158,41.5424,0.1331,0.0799,10.2131
Q1,ui,moderate_disruption,51,3,0.0000,0.3356,22.3050,0.0000,0.0148,29.2927
Q1,wage_insurance,moderate_disruption,51,3,0.7328,0.1302,26.0332,0.0272,0.0048,41.0617
Q1,almp,full_transformation,51,3,1.1422,0.0000,4.8434,0.1908,0.0000,51.0000
Q1,directed_industrial_policy,full_transformation,51,3,1.9868,1.0088,20.3376,0.0851,0.0432,16.1309
Q1,eitc,full_transformation,51,3,0.0000,0.0000,8.1077,0.0000,0.0000,51.0000
Q1,fjg,full_transformation,51,3,5.3733,7.5971,65.0761,0.0688,0.0973,8.6926
Q1,nit,full_transformation,51,3,0.0000,0.0000,36.1537,0.0000,0.0000,51.0000
Q1,sawf,full_transformation,51,3,0.0000,0.0000,153.1251,0.0000,0.0000,51.0000
Q1,ubc,full_transformation,51,3,0.0000,0.0000,191.6227,0.0000,0.0000,51.0000
Q1,ubi,full_transformation,51,3,17.2978,4.3817,108.0301,0.1334,0.0338,18.9659
Q1,ubs,full_transformation,51,3,6.3716,0.0000,109.3834,0.0550,0.0000,51.0000
Q1,ui,full_transformation,51,3,0.0425,0.1617,9.1847,0.0045,0.0172,27.4028
Q1,wage_insurance,full_transformation,51,3,0.0000,0.0000,11.6736,0.0000,0.0000,51.0000
Q1,almp,admin_capacity_speed,51,3,1.1416,0.0000,25.2710,0.0432,0.0000,51.0000
Q1,directed_industrial_policy,admin_capacity_speed,51,3,0.0000,0.0000,16.4584,0.0000,0.0000,51.0000
Q1,eitc,admin_capacity_speed,51,3,0.0000,1.0808,53.7885,0.0000,0.0197,25.6944
Q1,fjg,admin_capacity_speed,51,3,0.5482,0.2024,21.8565,0.0243,0.0090,35.2321
Q1,nit,admin_capacity_speed,51,3,3.0710,0.0000,28.8093,0.0963,0.0000,51.0000
Q1,sawf,admin_capacity_speed,51,3,0.0000,0.5404,49.7210,0.0000,0.0108,33.1690
Q1,ubc,admin_capacity_speed,51,3,0.0000,0.0000,62.1818,0.0000,0.0000,51.0000
Q1,ubi,admin_capacity_speed,51,3,1.6855,0.0000,26.3924,0.0600,0.0000,51.0000
Q1,ubs,admin_capacity_speed,51,3,0.6379,0.0000,56.5007,0.0112,0.0000,51.0000
Q1,ui,admin_capacity_speed,51,3,4.5031,0.0000,95.4767,0.0450,0.0000,51.0000
Q1,wage_insurance,admin_capacity_speed,51,3,4.1944,0.0000,30.6579,0.1203,0.0000,51.0000
Q1,almp,political_support,51,3,2.9919,0.0000,22.2332,0.1186,0.0000,51.0000
Q1,directed_industrial_policy,political_support,51,3,0.8651,0.5461,17.8525,0.0449,0.0284,21.0958
Q1,eitc,political_support,51,3,1.4720,0.0000,11.3473,0.1148,0.0000,51.0000
Q1,fjg,political_support,51,3,8.0916,0.0000,30.0901,0.2119,0.0000,51.0000
Q1,nit,political_support,51,3,4.9088,0.0000,34.0073,0.1261,0.0000,51.0000
Q1,sawf,political_support,51,3,0.0000,0.0000,48.7587,0.0000,0.0000,51.0000
Q1,ubc,political_support,51,3,0.0000,0.5281,17.2693,0.0000,0.0297,20.5342
Q1,ubi,political_support,51,3,7.0494,0.0000,32.1046,0.1800,0.0000,51.0000
Q1,ubs,political_support,51,3,3.0088,0.0000,26.3583,0.1025,0.0000,51.0000
Q1,ui,political_support,51,3,1.3829,0.0000,29.6163,0.0446,0.0000,51.0000
Q1,wage_insurance,political_support,51,3,0.0000,0.7758,28.2830,0.0000,0.0267,21.8424
Q4,almp,standards_of_living,51,3,2.1258,0.0000,28.7877,0.0688,0.0000,51.0000
Q4,directed_industrial_policy,standards_of_living,51,3,5.6322,0.0000,27.2675,0.1712,0.0000,51.0000
Q4,eitc,standards_of_living,51,3,1.5733,0.1739,34.2967,0.0437,0.0048,41.0902
Q4,fjg,standards_of_living,51,3,7.7515,0.1824,19.4843,0.2827,0.0067,38.2728
Q4,nit,standards_of_living,51,3,2.9129,0.0000,6.5995,0.3062,0.0000,51.0000
Q4,sawf,standards_of_living,51,3,7.7110,0.0000,25.1227,0.2348,0.0000,51.0000
Q4,ubc,standards_of_living,51,3,5.3629,0.9694,18.8737,0.2128,0.0385,17.4480
Q4,ubi,standards_of_living,51,3,5.0842,0.0000,16.3775,0.2369,0.0000,51.0000
Q4,ubs,standards_of_living,51,3,8.7439,0.0000,12.0639,0.4202,0.0000,51.0000
Q4,ui,standards_of_living,51,3,2.8041,0.0229,28.4281,0.0897,0.0007,49.1995
Q4,wage_insurance,standards_of_living,51,3,0.0000,0.1644,13.6591,0.0000,0.0119,31.9790
Q4,almp,meaning_human_value,51,3,5.1795,0.2864,28.7332,0.1515,0.0084,35.9476
Q4,directed_industrial_policy,meaning_human_value,51,3,9.2020,0.0000,26.9552,0.2545,0.0000,51.0000
Q4,eitc,meaning_human_value,51,3,4.4804,0.0000,31.2697,0.1253,0.0000,51.0000
Q4,fjg,meaning_human_value,51,3,9.5142,0.0000,10.6748,0.4713,0.0000,51.0000
Q4,nit,meaning_human_value,51,3,5.9437,0.0000,26.5152,0.1831,0.0000,51.0000
Q4,sawf,meaning_human_value,51,3,10.5783,0.2167,36.0120,0.2260,0.0046,41.4124
Q4,ubc,meaning_human_value,51,3,13.3667,0.8467,27.8069,0.3181,0.0201,25.4054
Q4,ubi,meaning_human_value,51,3,29.4650,0.0000,28.0461,0.5123,0.0000,51.0000
Q4,ubs,meaning_human_value,51,3,9.2801,0.0000,21.6969,0.2996,0.0000,51.0000
Q4,ui,meaning_human_value,51,3,0.7655,1.1945,30.9035,0.0233,0.0363,18.1019
Q4,wage_insurance,meaning_human_value,51,3,7.8759,0.0000,23.9505,0.2475,0.0000,51.0000
Q4,almp,macro_stabilisation,51,3,1.1991,0.5170,12.9340,0.0818,0.0353,18.4483
Q4,directed_industrial_policy,macro_stabilisation,51,3,8.5550,0.0000,37.1995,0.1870,0.0000,51.0000
Q4,eitc,macro_stabilisation,51,3,0.0000,0.0000,73.8071,0.0000,0.0000,51.0000
Q4,fjg,macro_stabilisation,51,3,4.9426,0.1682,13.4265,0.2666,0.0091,35.0811
Q4,nit,macro_stabilisation,51,3,2.9417,0.0000,14.9665,0.1643,0.0000,51.0000
Q4,sawf,macro_stabilisation,51,3,6.2505,0.1213,41.5061,0.1305,0.0025,45.2656
Q4,ubc,macro_stabilisation,51,3,0.2233,1.0139,23.6136,0.0090,0.0408,16.7769
Q4,ubi,macro_stabilisation,51,3,4.6835,0.0000,45.8255,0.0927,0.0000,51.0000
Q4,ubs,macro_stabilisation,51,3,4.7885,1.4531,32.6646,0.1231,0.0373,17.7861
Q4,ui,macro_stabilisation,51,3,1.1150,0.0889,3.4732,0.2384,0.0190,26.1505
Q4,wage_insurance,macro_stabilisation,51,3,3.2272,0.0246,36.7663,0.0806,0.0006,49.4807
Q4,almp,economic_agency_mobility,51,3,4.8533,0.3880,28.6316,0.1433,0.0115,32.4285
Q4,directed_industrial_policy,economic_agency_mobility,51,3,9.8135,0.4163,19.5575,0.3295,0.0140,30.0202
Q4,eitc,economic_agency_mobility,51,3,13.2703,0.0000,27.8646,0.3226,0.0000,51.0000
Q4,fjg,economic_agency_mobility,51,3,5.7469,0.0000,29.9108,0.1612,0.0000,51.0000
Q4,nit,economic_agency_mobility,51,3,3.8608,0.0000,17.5604,0.1802,0.0000,51.0000
Q4,sawf,economic_agency_mobility,51,3,17.8031,0.0000,27.9948,0.3887,0.0000,51.0000
Q4,ubc,economic_agency_mobility,51,3,8.8256,1.4774,28.2612,0.2289,0.0383,17.4928
Q4,ubi,economic_agency_mobility,51,3,9.4413,0.0000,14.9514,0.3871,0.0000,51.0000
Q4,ubs,economic_agency_mobility,51,3,12.7813,0.5486,29.9808,0.2951,0.0127,31.2239
Q4,ui,economic_agency_mobility,51,3,2.3899,0.0529,20.8490,0.1026,0.0023,45.7955
Q4,wage_insurance,economic_agency_mobility,51,3,8.3255,0.2583,41.1469,0.1674,0.0052,40.4859
Q4,almp,ownership_of_gains,51,3,0.1720,0.1218,8.9305,0.0186,0.0132,30.7160
Q4,directed_industrial_policy,ownership_of_gains,51,3,3.3311,0.0000,16.0210,0.1721,0.0000,51.0000
Q4,eitc,ownership_of_gains,51,3,1.3370,0.0000,8.8967,0.1306,0.0000,51.0000
Q4,fjg,ownership_of_gains,51,3,1.0954,0.0000,12.3098,0.0817,0.0000,51.0000
Q4,nit,ownership_of_gains,51,3,7.5514,0.0000,30.6442,0.1977,0.0000,51.0000
Q4,sawf,ownership_of_gains,51,3,7.4820,0.4966,9.4250,0.4299,0.0285,21.0160
Q4,ubc,ownership_of_gains,51,3,1.3978,0.0000,4.0610,0.2561,0.0000,51.0000
Q4,ubi,ownership_of_gains,51,3,7.3322,1.1753,50.6744,0.1239,0.0199,25.5902
Q4,ubs,ownership_of_gains,51,3,3.1825,0.0000,19.0714,0.1430,0.0000,51.0000
Q4,ui,ownership_of_gains,51,3,0.9209,0.0796,7.2407,0.1117,0.0097,34.3900
Q4,wage_insurance,ownership_of_gains,51,3,0.3154,0.0000,9.5518,0.0320,0.0000,51.0000
Q4,almp,democratic_voice,51,3,0.0000,0.0000,44.0865,0.0000,0.0000,51.0000
Q4,directed_industrial_policy,democratic_voice,51,3,9.9489,0.4610,20.4932,0.3219,0.0149,29.2104
Q4,eitc,democratic_voice,51,3,10.8961,0.0000,36.5701,0.2296,0.0000,51.0000
Q4,fjg,democratic_voice,51,3,7.8320,0.0000,25.3050,0.2364,0.0000,51.0000
Q4,nit,democratic_voice,51,3,0.0000,0.0000,21.1587,0.0000,0.0000,51.0000
Q4,sawf,democratic_voice,51,3,10.3718,0.0000,16.9163,0.3801,0.0000,51.0000
Q4,ubc,democratic_voice,51,3,7.4212,0.0000,27.4065,0.2131,0.0000,51.0000
Q4,ubi,democratic_voice,51,3,9.4566,0.0000,27.1152,0.2586,0.0000,51.0000
Q4,ubs,democratic_voice,51,3,9.0702,0.0000,13.6616,0.3990,0.0000,51.0000
Q4,ui,democratic_voice,51,3,7.1942,0.0000,34.2740,0.1735,0.0000,51.0000
Q4,wage_insurance,democratic_voice,51,3,1.4652,0.0867,29.1944,0.0477,0.0028,44.7000
Q4,almp,economic_feasibility,51,3,0.0000,0.0000,24.9434,0.0000,0.0000,51.0000
Q4,directed_industrial_policy,economic_feasibility,51,3,8.5527,0.4047,15.2031,0.3540,0.0168,27.7546
Q4,eitc,economic_feasibility,51,3,0.0000,0.1527,18.9258,0.0000,0.0080,36.4250
Q4,fjg,economic_feasibility,51,3,10.2830,0.0000,20.9152,0.3296,0.0000,51.0000
Q4,nit,economic_feasibility,51,3,3.1127,0.0855,42.0387,0.0688,0.0019,46.5970
Q4,sawf,economic_feasibility,51,3,9.6635,0.1409,32.5780,0.2280,0.0033,43.7302
Q4,ubc,economic_feasibility,51,3,9.5205,0.6565,22.3893,0.2923,0.0202,25.3997
Q4,ubi,economic_feasibility,51,3,4.2651,0.0000,17.4975,0.1960,0.0000,51.0000
Q4,ubs,economic_feasibility,51,3,9.7808,0.0000,24.7152,0.2835,0.0000,51.0000
Q4,ui,economic_feasibility,51,3,0.2403,0.0000,17.7195,0.0134,0.0000,51.0000
Q4,wage_insurance,economic_feasibility,51,3,4.1180,0.0000,15.3573,0.2114,0.0000,51.0000
Q4,almp,implementation_readiness,51,3,2.0886,0.0000,20.8588,0.0910,0.0000,51.0000
Q4,directed_industrial_policy,implementation_readiness,51,3,3.1805,0.2184,23.7097,0.1173,0.0081,36.3537
Q4,eitc,implementation_readiness,51,3,0.4933,0.0000,8.5250,0.0547,0.0000,51.0000
Q4,fjg,implementation_readiness,51,3,4.0414,0.0017,21.5669,0.1578,0.0001,50.8314
Q4,nit,implementation_readiness,51,3,2.8327,0.3851,32.4973,0.0793,0.0108,33.1357
Q4,sawf,implementation_readiness,51,3,6.0092,0.3095,16.7035,0.2610,0.0134,30.4975
Q4,ubc,implementation_readiness,51,3,1.1970,2.7086,23.6443,0.0434,0.0983,8.6209
Q4,ubi,implementation_readiness,51,3,3.0250,0.0000,51.5818,0.0554,0.0000,51.0000
Q4,ubs,implementation_readiness,51,3,15.3499,2.3180,26.8846,0.3445,0.0520,14.1609
Q4,ui,implementation_readiness,51,3,3.7549,0.0000,23.3363,0.1386,0.0000,51.0000
Q4,wage_insurance,implementation_readiness,51,3,5.8749,0.0000,35.2532,0.1428,0.0000,51.0000
Q4,almp,mild_disruption,51,3,2.7757,0.1027,13.1979,0.1727,0.0064,38.6494
Q4,directed_industrial_policy,mild_disruption,51,3,10.7856,0.0050,24.4722,0.3059,0.0001,50.6433
Q4,eitc,mild_disruption,51,3,0.9792,0.0438,10.3418,0.0862,0.0039,42.7616
Q4,fjg,mild_disruption,51,3,4.6268,0.0000,45.4132,0.0925,0.0000,51.0000
Q4,nit,mild_disruption,51,3,0.4503,0.0000,5.7858,0.0722,0.0000,51.0000
Q4,sawf,mild_disruption,51,3,16.2942,0.0000,42.3552,0.2778,0.0000,51.0000
Q4,ubc,mild_disruption,51,3,6.3727,2.8393,31.5528,0.1563,0.0697,11.3773
Q4,ubi,mild_disruption,51,3,24.7350,2.4867,64.9905,0.2682,0.0270,21.7175
Q4,ubs,mild_disruption,51,3,16.4829,0.1077,28.4086,0.3663,0.0024,45.5486
Q4,ui,mild_disruption,51,3,1.1616,0.0000,7.0120,0.1421,0.0000,51.0000
Q4,wage_insurance,mild_disruption,51,3,2.7314,0.0000,12.1967,0.1830,0.0000,51.0000
Q4,almp,moderate_disruption,51,3,3.1327,0.1220,17.7081,0.1494,0.0058,39.5074
Q4,directed_industrial_policy,moderate_disruption,51,3,7.5848,0.0000,38.1075,0.1660,0.0000,51.0000
Q4,eitc,moderate_disruption,51,3,2.8302,0.0000,18.9408,0.1300,0.0000,51.0000
Q4,fjg,moderate_disruption,51,3,9.0771,0.0000,86.8897,0.0946,0.0000,51.0000
Q4,nit,moderate_disruption,51,3,2.9060,0.5591,26.3952,0.0973,0.0187,26.3407
Q4,sawf,moderate_disruption,51,3,8.4085,0.4284,44.2187,0.1585,0.0081,36.3327
Q4,ubc,moderate_disruption,51,3,8.5527,0.0000,33.5069,0.2033,0.0000,51.0000
Q4,ubi,moderate_disruption,51,3,9.3552,0.6297,29.4814,0.2370,0.0160,28.3690
Q4,ubs,moderate_disruption,51,3,19.6892,0.0000,52.6682,0.2721,0.0000,51.0000
Q4,ui,moderate_disruption,51,3,2.5464,0.0000,19.8810,0.1135,0.0000,51.0000
Q4,wage_insurance,moderate_disruption,51,3,4.8553,0.0000,17.7329,0.2149,0.0000,51.0000
Q4,almp,full_transformation,51,3,0.0939,0.0933,6.1093,0.0149,0.0148,29.2909
Q4,directed_industrial_policy,full_transformation,51,3,3.4218,0.0000,21.3277,0.1383,0.0000,51.0000
Q4,eitc,full_transformation,51,3,1.1297,0.0000,6.7187,0.1439,0.0000,51.0000
Q4,fjg,full_transformation,51,3,3.2480,0.0000,41.6514,0.0723,0.0000,51.0000
Q4,nit,full_transformation,51,3,4.4256,0.0000,29.0612,0.1322,0.0000,51.0000
Q4,sawf,full_transformation,51,3,9.7686,0.0000,82.9498,0.1054,0.0000,51.0000
Q4,ubc,full_transformation,51,3,30.8750,0.5974,55.8144,0.3537,0.0068,37.9974
Q4,ubi,full_transformation,51,3,6.7263,0.0000,122.6384,0.0520,0.0000,51.0000
Q4,ubs,full_transformation,51,3,18.6378,0.0000,76.6179,0.1957,0.0000,51.0000
Q4,ui,full_transformation,51,3,0.0196,0.0000,10.9655,0.0018,0.0000,51.0000
Q4,wage_insurance,full_transformation,51,3,0.9529,0.0000,8.0991,0.1053,0.0000,51.0000
Q4,almp,admin_capacity_speed,51,3,0.0000,0.0000,19.9673,0.0000,0.0000,51.0000
Q4,directed_industrial_policy,admin_capacity_speed,51,3,1.9812,0.0000,14.7908,0.1181,0.0000,51.0000
Q4,eitc,admin_capacity_speed,51,3,0.0000,0.0000,50.9047,0.0000,0.0000,51.0000
Q4,fjg,admin_capacity_speed,51,3,1.2641,0.0000,24.1587,0.0497,0.0000,51.0000
Q4,nit,admin_capacity_speed,51,3,2.7384,0.0000,27.0490,0.0919,0.0000,51.0000
Q4,sawf,admin_capacity_speed,51,3,0.1516,0.0123,59.3407,0.0025,0.0002,50.4788
Q4,ubc,admin_capacity_speed,51,3,1.9243,1.9620,37.0054,0.0471,0.0480,15.0045
Q4,ubi,admin_capacity_speed,51,3,1.7157,0.0000,31.4820,0.0517,0.0000,51.0000
Q4,ubs,admin_capacity_speed,51,3,2.3863,0.0000,37.1635,0.0603,0.0000,51.0000
Q4,ui,admin_capacity_speed,51,3,23.1295,0.0000,77.8890,0.2290,0.0000,51.0000
Q4,wage_insurance,admin_capacity_speed,51,3,4.5888,0.0000,36.4481,0.1118,0.0000,51.0000
Q4,almp,political_support,51,3,2.6613,0.0817,24.1928,0.0988,0.0030,44.2841
Q4,directed_industrial_policy,political_support,51,3,6.9894,0.5693,16.1497,0.2948,0.0240,23.1756
Q4,eitc,political_support,51,3,0.4569,0.0000,9.8595,0.0443,0.0000,51.0000
Q4,fjg,political_support,51,3,6.7686,0.1681,36.4136,0.1561,0.0039,42.7175
Q4,nit,political_support,51,3,0.0000,0.0720,35.4051,0.0000,0.0020,46.3001
Q4,sawf,political_support,51,3,4.5288,0.0242,21.8516,0.1715,0.0009,48.7668
Q4,ubc,political_support,51,3,4.0908,0.9567,19.5269,0.1665,0.0389,17.3081
Q4,ubi,political_support,51,3,5.2508,0.0000,27.0854,0.1624,0.0000,51.0000
Q4,ubs,political_support,51,3,6.0430,0.5452,31.1999,0.1599,0.0144,29.6265
Q4,ui,political_support,51,3,0.2080,0.0000,19.4571,0.0106,0.0000,51.0000
Q4,wage_insurance,political_support,51,3,1.7012,0.0000,26.0243,0.0614,0.0000,51.0000
Q3c,almp,standards_of_living,9,1,,,,,,
Q3c,directed_industrial_policy,standards_of_living,9,1,,,,,,
Q3c,eitc,standards_of_living,10,1,,,,,,
Q3c,fjg,standards_of_living,9,1,,,,,,
Q3c,nit,standards_of_living,9,1,,,,,,
Q3c,sawf,standards_of_living,9,1,,,,,,
Q3c,ubc,standards_of_living,9,1,,,,,,
Q3c,ubi,standards_of_living,9,1,,,,,,
Q3c,ubs,standards_of_living,9,1,,,,,,
Q3c,ui,standards_of_living,9,1,,,,,,
Q3c,wage_insurance,standards_of_living,9,1,,,,,,
Q3c,almp,meaning_human_value,9,1,,,,,,
Q3c,directed_industrial_policy,meaning_human_value,9,1,,,,,,
Q3c,eitc,meaning_human_value,10,1,,,,,,
Q3c,fjg,meaning_human_value,9,1,,,,,,
Q3c,nit,meaning_human_value,9,1,,,,,,
Q3c,sawf,meaning_human_value,9,1,,,,,,
Q3c,ubc,meaning_human_value,9,1,,,,,,
Q3c,ubi,meaning_human_value,9,1,,,,,,
Q3c,ubs,meaning_human_value,9,1,,,,,,
Q3c,ui,meaning_human_value,9,1,,,,,,
Q3c,wage_insurance,meaning_human_value,9,1,,,,,,
Q3c,almp,macro_stabilisation,9,1,,,,,,
Q3c,directed_industrial_policy,macro_stabilisation,9,1,,,,,,
Q3c,eitc,macro_stabilisation,10,1,,,,,,
Q3c,fjg,macro_stabilisation,9,1,,,,,,
Q3c,nit,macro_stabilisation,9,1,,,,,,
Q3c,sawf,macro_stabilisation,9,1,,,,,,
Q3c,ubc,macro_stabilisation,9,1,,,,,,
Q3c,ubi,macro_stabilisation,9,1,,,,,,
Q3c,ubs,macro_stabilisation,9,1,,,,,,
Q3c,ui,macro_stabilisation,9,1,,,,,,
Q3c,wage_insurance,macro_stabilisation,9,1,,,,,,
Q3c,almp,economic_agency_mobility,9,1,,,,,,
Q3c,directed_industrial_policy,economic_agency_mobility,9,1,,,,,,
Q3c,eitc,economic_agency_mobility,10,1,,,,,,
Q3c,fjg,economic_agency_mobility,9,1,,,,,,
Q3c,nit,economic_agency_mobility,9,1,,,,,,
Q3c,sawf,economic_agency_mobility,9,1,,,,,,
Q3c,ubc,economic_agency_mobility,9,1,,,,,,
Q3c,ubi,economic_agency_mobility,9,1,,,,,,
Q3c,ubs,economic_agency_mobility,9,1,,,,,,
Q3c,ui,economic_agency_mobility,9,1,,,,,,
Q3c,wage_insurance,economic_agency_mobility,9,1,,,,,,
Q3c,almp,ownership_of_gains,9,1,,,,,,
Q3c,directed_industrial_policy,ownership_of_gains,9,1,,,,,,
Q3c,eitc,ownership_of_gains,10,1,,,,,,
Q3c,fjg,ownership_of_gains,9,1,,,,,,
Q3c,nit,ownership_of_gains,9,1,,,,,,
Q3c,sawf,ownership_of_gains,9,1,,,,,,
Q3c,ubc,ownership_of_gains,9,1,,,,,,
Q3c,ubi,ownership_of_gains,9,1,,,,,,
Q3c,ubs,ownership_of_gains,9,1,,,,,,
Q3c,ui,ownership_of_gains,9,1,,,,,,
Q3c,wage_insurance,ownership_of_gains,9,1,,,,,,
Q3c,almp,democratic_voice,9,1,,,,,,
Q3c,directed_industrial_policy,democratic_voice,9,1,,,,,,
Q3c,eitc,democratic_voice,10,1,,,,,,
Q3c,fjg,democratic_voice,9,1,,,,,,
Q3c,nit,democratic_voice,9,1,,,,,,
Q3c,sawf,democratic_voice,9,1,,,,,,
Q3c,ubc,democratic_voice,9,1,,,,,,
Q3c,ubi,democratic_voice,9,1,,,,,,
Q3c,ubs,democratic_voice,9,1,,,,,,
Q3c,ui,democratic_voice,9,1,,,,,,
Q3c,wage_insurance,democratic_voice,9,1,,,,,,
Q3c,almp,economic_feasibility,9,1,,,,,,
Q3c,directed_industrial_policy,economic_feasibility,9,1,,,,,,
Q3c,eitc,economic_feasibility,10,1,,,,,,
Q3c,fjg,economic_feasibility,9,1,,,,,,
Q3c,nit,economic_feasibility,9,1,,,,,,
Q3c,sawf,economic_feasibility,9,1,,,,,,
Q3c,ubc,economic_feasibility,9,1,,,,,,
Q3c,ubi,economic_feasibility,9,1,,,,,,
Q3c,ubs,economic_feasibility,9,1,,,,,,
Q3c,ui,economic_feasibility,9,1,,,,,,
Q3c,wage_insurance,economic_feasibility,9,1,,,,,,
Q3c,almp,implementation_readiness,9,1,,,,,,
Q3c,directed_industrial_policy,implementation_readiness,9,1,,,,,,
Q3c,eitc,implementation_readiness,10,1,,,,,,
Q3c,fjg,implementation_readiness,9,1,,,,,,
Q3c,nit,implementation_readiness,9,1,,,,,,
Q3c,sawf,implementation_readiness,9,1,,,,,,
Q3c,ubc,implementation_readiness,9,1,,,,,,
Q3c,ubi,implementation_readiness,9,1,,,,,,
Q3c,ubs,implementation_readiness,9,1,,,,,,
Q3c,ui,implementation_readiness,9,1,,,,,,
Q3c,wage_insurance,implementation_readiness,9,1,,,,,,
Q3c,almp,mild_disruption,9,1,,,,,,
Q3c,directed_industrial_policy,mild_disruption,9,1,,,,,,
Q3c,eitc,mild_disruption,10,1,,,,,,
Q3c,fjg,mild_disruption,9,1,,,,,,
Q3c,nit,mild_disruption,9,1,,,,,,
Q3c,sawf,mild_disruption,9,1,,,,,,
Q3c,ubc,mild_disruption,9,1,,,,,,
Q3c,ubi,mild_disruption,9,1,,,,,,
Q3c,ubs,mild_disruption,9,1,,,,,,
Q3c,ui,mild_disruption,9,1,,,,,,
Q3c,wage_insurance,mild_disruption,9,1,,,,,,
Q3c,almp,moderate_disruption,9,1,,,,,,
Q3c,directed_industrial_policy,moderate_disruption,9,1,,,,,,
Q3c,eitc,moderate_disruption,10,1,,,,,,
Q3c,fjg,moderate_disruption,9,1,,,,,,
Q3c,nit,moderate_disruption,9,1,,,,,,
Q3c,sawf,moderate_disruption,9,1,,,,,,
Q3c,ubc,moderate_disruption,9,1,,,,,,
Q3c,ubi,moderate_disruption,9,1,,,,,,
Q3c,ubs,moderate_disruption,9,1,,,,,,
Q3c,ui,moderate_disruption,9,1,,,,,,
Q3c,wage_insurance,moderate_disruption,9,1,,,,,,
Q3c,almp,full_transformation,9,1,,,,,,
Q3c,directed_industrial_policy,full_transformation,9,1,,,,,,
Q3c,eitc,full_transformation,10,1,,,,,,
Q3c,fjg,full_transformation,9,1,,,,,,
Q3c,nit,full_transformation,9,1,,,,,,
Q3c,sawf,full_transformation,9,1,,,,,,
Q3c,ubc,full_transformation,9,1,,,,,,
Q3c,ubi,full_transformation,9,1,,,,,,
Q3c,ubs,full_transformation,9,1,,,,,,
Q3c,ui,full_transformation,9,1,,,,,,
Q3c,wage_insurance,full_transformation,9,1,,,,,,
Q3c,almp,admin_capacity_speed,9,1,,,,,,
Q3c,directed_industrial_policy,admin_capacity_speed,9,1,,,,,,
Q3c,eitc,admin_capacity_speed,10,1,,,,,,
Q3c,fjg,admin_capacity_speed,9,1,,,,,,
Q3c,nit,admin_capacity_speed,9,1,,,,,,
Q3c,sawf,admin_capacity_speed,9,1,,,,,,
Q3c,ubc,admin_capacity_speed,9,1,,,,,,
Q3c,ubi,admin_capacity_speed,9,1,,,,,,
Q3c,ubs,admin_capacity_speed,9,1,,,,,,
Q3c,ui,admin_capacity_speed,9,1,,,,,,
Q3c,wage_insurance,admin_capacity_speed,9,1,,,,,,
Q3c,almp,political_support,9,1,,,,,,
Q3c,directed_industrial_policy,political_support,9,1,,,,,,
Q3c,eitc,political_support,10,1,,,,,,
Q3c,fjg,political_support,9,1,,,,,,
Q3c,nit,political_support,9,1,,,,,,
Q3c,sawf,political_support,9,1,,,,,,
Q3c,ubc,political_support,9,1,,,,,,
Q3c,ubi,political_support,9,1,,,,,,
Q3c,ubs,political_support,9,1,,,,,,
Q3c,ui,political_support,9,1,,,,,,
Q3c,wage_insurance,political_support,9,1,,,,,,
