composite,policy_id,ours,published,difference
standards_of_living,eitc,74.3059,67.1000,7.2059
standards_of_living,ui,72.6902,63.2000,9.4902
standards_of_living,almp,42.2863,25.6000,16.6863
standards_of_living,wage_insurance,57.4392,55.5000,1.9392
standards_of_living,directed_industrial_policy,44.4392,58.3000,-13.8608
standards_of_living,fjg,70.8667,63.0000,7.8667
standards_of_living,ubi,80.6745,64.7000,15.9745
standards_of_living,nit,81.8549,74.3000,7.5549
standards_of_living,ubs,81.2706,64.0000,17.2706
standards_of_living,ubc,51.1961,69.8000,-18.6039
standards_of_living,sawf,70.8571,52.4000,18.4571
meaning_human_value,eitc,65.4902,71.8000,-6.3098
meaning_human_value,ui,54.2510,61.4000,-7.1490
meaning_human_value,almp,63.9176,47.5000,16.4176
meaning_human_value,wage_insurance,65.4745,58.9000,6.5745
meaning_human_value,directed_industrial_policy,59.2039,64.3000,-5.0961
meaning_human_value,fjg,83.5686,41.2000,42.3686
meaning_human_value,ubi,60.2706,41.4000,18.8706
meaning_human_value,nit,58.4353,69.3000,-10.8647
meaning_human_value,ubs,62.9333,54.2000,8.7333
meaning_human_value,ubc,62.3608,52.3000,10.0608
meaning_human_value,sawf,49.1469,40.6000,8.5469
macro_stabilisation,eitc,51.1255,67.6000,-16.4745
macro_stabilisation,ui,88.1765,75.6000,12.5765
macro_stabilisation,almp,26.9216,37.7000,-10.7784
macro_stabilisation,wage_insurance,45.2902,27.8000,17.4902
macro_stabilisation,directed_industrial_policy,30.7176,24.6000,6.1176
macro_stabilisation,fjg,80.1451,28.9000,51.2451
macro_stabilisation,ubi,56.5373,47.4000,9.1373
macro_stabilisation,nit,80.5961,65.7000,14.8961
macro_stabilisation,ubs,56.8745,63.9000,-7.0255
macro_stabilisation,ubc,32.6627,64.0000,-31.3373
macro_stabilisation,sawf,52.7061,68.0000,-15.2939
economic_agency_mobility,eitc,42.1333,64.7000,-22.5667
economic_agency_mobility,ui,69.1569,63.9000,5.2569
economic_agency_mobility,almp,70.2627,52.1000,18.1627
economic_agency_mobility,wage_insurance,65.5686,59.8000,5.7686
economic_agency_mobility,directed_industrial_policy,44.6627,59.1000,-14.4373
economic_agency_mobility,fjg,73.3882,51.1000,22.2882
economic_agency_mobility,ubi,76.0039,61.9000,14.1039
economic_agency_mobility,nit,68.7373,64.2000,4.5373
economic_agency_mobility,ubs,72.9608,61.4000,11.5608
economic_agency_mobility,ubc,72.1451,66.7000,5.4451
economic_agency_mobility,sawf,61.9061,52.7000,9.2061
ownership_of_gains,eitc,10.1882,20.6000,-10.4118
ownership_of_gains,ui,11.2039,19.2000,-7.9961
ownership_of_gains,almp,10.2392,9.4000,0.8392
ownership_of_gains,wage_insurance,9.0980,21.3000,-12.2020
ownership_of_gains,directed_industrial_policy,21.6549,47.0000,-25.3451
ownership_of_gains,fjg,17.8510,33.5000,-15.6490
ownership_of_gains,ubi,40.6275,51.3000,-10.6725
ownership_of_gains,nit,26.8824,39.8000,-12.9176
ownership_of_gains,ubs,21.4863,12.4000,9.0863
ownership_of_gains,ubc,90.0510,94.9000,-4.8490
ownership_of_gains,sawf,87.0653,54.9000,32.1653
democratic_voice,eitc,50.0314,56.4000,-6.3686
democratic_voice,ui,51.7176,48.1000,3.6176
democratic_voice,almp,40.6353,49.4000,-8.7647
democratic_voice,wage_insurance,42.4392,53.0000,-10.5608
democratic_voice,directed_industrial_policy,30.1255,50.1000,-19.9745
democratic_voice,fjg,53.4667,54.0000,-0.5333
democratic_voice,ubi,60.5882,46.2000,14.3882
democratic_voice,nit,56.8706,57.0000,-0.1294
democratic_voice,ubs,58.4000,52.0000,6.4000
democratic_voice,ubc,64.7059,67.2000,-2.4941
democratic_voice,sawf,64.7224,58.0000,6.7224
economic_feasibility,eitc,67.9961,83.2000,-15.2039
economic_feasibility,ui,59.7725,81.9000,-22.1275
economic_feasibility,almp,61.4784,50.1000,11.3784
economic_feasibility,wage_insurance,67.5608,47.9000,19.6608
economic_feasibility,directed_industrial_policy,37.8510,54.0000,-16.1490
economic_feasibility,fjg,37.5255,38.0000,-0.4745
economic_feasibility,ubi,35.2824,40.2000,-4.9176
economic_feasibility,nit,52.7765,78.9000,-26.1235
economic_feasibility,ubs,45.2471,61.0000,-15.7529
economic_feasibility,ubc,47.2627,55.0000,-7.7373
economic_feasibility,sawf,56.4857,48.5000,7.9857
implementation_readiness,eitc,89.3608,95.3000,-5.9392
implementation_readiness,ui,83.6902,91.9000,-8.2098
implementation_readiness,almp,55.9843,65.0000,-9.0157
implementation_readiness,wage_insurance,57.1333,54.8000,2.3333
implementation_readiness,directed_industrial_policy,48.6980,55.0000,-6.3020
implementation_readiness,fjg,31.9922,27.0000,4.9922
implementation_readiness,ubi,48.1922,38.6000,9.5922
implementation_readiness,nit,75.2471,57.9000,17.3471
implementation_readiness,ubs,40.8745,48.4000,-7.5255
implementation_readiness,ubc,47.0941,30.0000,17.0941
implementation_readiness,sawf,41.3143,51.0000,-9.6857
mild_disruption,eitc,79.8196,68.9000,10.9196
mild_disruption,ui,83.6941,70.0000,13.6941
mild_disruption,almp,73.5216,42.5000,31.0216
mild_disruption,wage_insurance,77.2118,35.7000,41.5118
mild_disruption,directed_industrial_policy,57.1373,38.9000,18.2373
mild_disruption,fjg,70.6706,18.0000,52.6706
mild_disruption,ubi,62.2078,51.0000,11.2078
mild_disruption,nit,81.8392,74.0000,7.8392
mild_disruption,ubs,70.5255,73.0000,-2.4745
mild_disruption,ubc,63.9529,63.0000,0.9529
mild_disruption,sawf,71.2939,60.4000,10.8939
moderate_disruption,eitc,35.9176,52.3000,-16.3824
moderate_disruption,ui,44.9804,65.9000,-20.9196
moderate_disruption,almp,39.9882,20.6000,19.3882
moderate_disruption,wage_insurance,39.9333,38.9000,1.0333
moderate_disruption,directed_industrial_policy,39.9412,50.3000,-10.3588
moderate_disruption,fjg,55.6118,37.0000,18.6118
moderate_disruption,ubi,68.9529,57.0000,11.9529
moderate_disruption,nit,52.8824,69.8000,-16.9176
moderate_disruption,ubs,63.8078,74.0000,-10.1922
moderate_disruption,ubc,69.4941,66.0000,3.4941
moderate_disruption,sawf,65.4286,62.0000,3.4286
full_transformation,eitc,9.7373,31.9000,-22.1627
full_transformation,ui,14.4980,50.1000,-35.6020
full_transformation,almp,13.0745,5.9000,7.1745
full_transformation,wage_insurance,10.8745,33.0000,-22.1255
full_transformation,directed_industrial_policy,19.7804,65.0000,-45.2196
full_transformation,fjg,25.1020,50.0000,-24.8980
full_transformation,ubi,65.0118,65.0000,0.0118
full_transformation,nit,28.5098,65.0000,-36.4902
full_transformation,ubs,47.4510,78.0000,-30.5490
full_transformation,ubc,68.0980,93.5000,-25.4020
full_transformation,sawf,57.2776,68.0000,-10.7224
welfare_resilience,eitc,63.6405,68.8333,-5.1928
welfare_resilience,ui,71.7059,66.7333,4.9725
welfare_resilience,almp,44.3752,36.9333,7.4418
welfare_resilience,wage_insurance,56.0680,47.4000,8.6680
welfare_resilience,directed_industrial_policy,44.7869,49.0667,-4.2797
welfare_resilience,fjg,78.1935,44.3667,33.8268
welfare_resilience,ubi,65.8275,51.1667,14.6608
welfare_resilience,nit,73.6288,69.7667,3.8621
welfare_resilience,ubs,67.0261,60.7000,6.3261
welfare_resilience,ubc,48.7399,62.0333,-13.2935
welfare_resilience,sawf,57.5701,53.6667,3.9034
agency_voice,eitc,34.1176,47.2333,-13.1157
agency_voice,ui,44.0261,43.7333,0.2928
agency_voice,almp,40.3791,36.9667,3.4124
agency_voice,wage_insurance,39.0353,44.7000,-5.6647
agency_voice,directed_industrial_policy,32.1477,52.0667,-19.9190
agency_voice,fjg,48.2353,46.2000,2.0353
agency_voice,ubi,59.0732,53.1333,5.9399
agency_voice,nit,50.8301,53.6667,-2.8366
agency_voice,ubs,50.9490,41.9333,9.0157
agency_voice,ubc,75.6340,76.2667,-0.6327
agency_voice,sawf,71.2313,55.2000,16.0313
feasibility,eitc,78.6784,89.2500,-10.5716
feasibility,ui,71.7314,86.9000,-15.1686
feasibility,almp,58.7314,57.5500,1.1814
feasibility,wage_insurance,62.3471,51.3500,10.9971
feasibility,directed_industrial_policy,43.2745,54.5000,-11.2255
feasibility,fjg,34.7588,32.5000,2.2588
feasibility,ubi,41.7373,39.4000,2.3373
feasibility,nit,64.0118,68.4000,-4.3882
feasibility,ubs,43.0608,54.7000,-11.6392
feasibility,ubc,47.1784,42.5000,4.6784
feasibility,sawf,48.9000,49.7500,-0.8500
scenario_durability,eitc,41.8248,51.0333,-9.2085
scenario_durability,ui,47.7242,62.0000,-14.2758
scenario_durability,almp,42.1948,23.0000,19.1948
scenario_durability,wage_insurance,42.6732,35.8667,6.8065
scenario_durability,directed_industrial_policy,38.9529,51.4000,-12.4471
scenario_durability,fjg,50.4614,35.0000,15.4614
scenario_durability,ubi,65.3908,57.6667,7.7242
scenario_durability,nit,54.4105,69.6000,-15.1895
scenario_durability,ubs,60.5948,75.0000,-14.4052
scenario_durability,ubc,67.1817,74.1667,-6.9850
scenario_durability,sawf,64.6667,63.4667,1.2000
