composite,n_policies,spearman,kendall_tau_b,mean_abs_diff
standards_of_living,11,0.6545,0.5273,12.2646
meaning_human_value,11,0.0091,0.0182,12.8175
macro_stabilisation,11,0.5000,0.3818,17.4884
economic_agency_mobility,11,-0.1182,-0.0909,12.1212
ownership_of_gains,11,0.8000,0.6364,12.9213
democratic_voice,11,0.4364,0.3091,7.2685
economic_feasibility,11,0.4636,0.3455,13.4101
implementation_readiness,11,0.8818,0.7455,8.9124
mild_disruption,11,0.4000,0.3091,18.3112
moderate_disruption,11,0.5000,0.3091,12.0618
full_transformation,11,0.8716,0.7106,23.6689
welfare_resilience,11,0.3909,0.3455,9.6752
agency_voice,11,0.5091,0.3455,7.1724
feasibility,11,0.8273,0.7091,6.8451
scenario_durability,11,0.6545,0.4182,11.1725
